scenario,mu_pi_num,fee_num,hiring_rate_num
baseline,-0.1,0,1
baseline,-0.1,5000,0.9791916072563
baseline,-0.1,10000,0.9588295569516007
baseline,-0.1,15000,0.938910437401473
baseline,-0.1,20000,0.9193885732100425
baseline,-0.1,25000,0.9002482882755697
baseline,-0.1,30000,0.8815253170513632
baseline,-0.1,35000,0.8630988388508508
baseline,-0.1,40000,0.8449607656290437
baseline,-0.1,45000,0.8271181266323149
baseline,-0.1,50000,0.8095129232253361
baseline,-0.1,55000,0.792187213242041
baseline,-0.1,60000,0.7750610867979578
baseline,-0.1,65000,0.7581883955671631
baseline,-0.1,70000,0.7414699948236511
baseline,-0.1,75000,0.7249465600809395
baseline,-0.1,80000,0.7086395320110115
baseline,-0.1,85000,0.6925157055128115
baseline,-0.1,90000,0.6765568751323496
baseline,-0.1,95000,0.6607288063810266
baseline,-0.1,100000,0.6450372932401593
baseline,-0.1,105000,0.6295223641796661
baseline,-0.1,110000,0.6141352556410434
baseline,-0.1,115000,0.5988919378367565
baseline,-0.1,120000,0.5837846462436178
baseline,-0.1,125000,0.5688284981529848
baseline,-0.1,130000,0.5540177289946118
baseline,-0.1,135000,0.539276105268111
baseline,-0.1,140000,0.5246733018046634
baseline,-0.1,145000,0.510248200042352
baseline,-0.1,150000,0.4959875061763251
baseline,-0.1,155000,0.4818644855415167
baseline,-0.1,160000,0.467874550010588
baseline,-0.1,165000,0.4539963177337003
baseline,-0.1,170000,0.4402811992658997
baseline,-0.1,175000,0.42674642949577646
baseline,-0.1,180000,0.41336209736241514
baseline,-0.1,185000,0.40015352579939306
baseline,-0.1,190000,0.3870938330862803
baseline,-0.1,195000,0.37421990070821853
baseline,-0.1,200000,0.3615235523870028
baseline,-0.1,205000,0.3489762593821321
baseline,-0.1,210000,0.3366501964659655
baseline,-0.1,215000,0.3245403343450743
baseline,-0.1,220000,0.31258726265264347
baseline,-0.1,225000,0.3008288334392133
baseline,-0.1,230000,0.28933942730759277
baseline,-0.1,235000,0.2780746041269615
baseline,-0.1,240000,0.26702001129385194
baseline,-0.1,245000,0.2561965306698666
baseline,-0.1,250000,0.24557119244253067
baseline,-0.1,255000,0.23520870097174182
baseline,-0.1,260000,0.22510290934330954
baseline,-0.1,265000,0.21521814192607241
baseline,-0.1,270000,0.20560795628338158
baseline,-0.1,275000,0.19621688313216154
baseline,-0.1,280000,0.18711668548975322
baseline,-0.1,285000,0.17827274652361122
baseline,-0.1,290000,0.1696638020281876
baseline,-0.1,295000,0.1613221453612856
baseline,-0.1,300000,0.153268158396273
baseline,-0.1,305000,0.145467841933131
baseline,-0.1,310000,0.1379215194936589
baseline,-0.1,315000,0.13065451401143502
baseline,-0.1,320000,0.12364614950236463
baseline,-0.1,325000,0.11689380838097925
baseline,-0.1,330000,0.11040687277946404
baseline,-0.1,335000,0.10416372555939868
baseline,-0.1,340000,0.09818080751041151
baseline,-0.1,345000,0.09247894167196063
baseline,-0.1,350000,0.08704330486341498
baseline,-0.1,355000,0.0818482800404696
baseline,-0.1,360000,0.07686486788546153
baseline,-0.1,365000,0.07215559633890965
baseline,-0.1,370000,0.06764302604644595
baseline,-0.1,375000,0.06336495023646503
baseline,-0.1,380000,0.0593264864356133
baseline,-0.1,385000,0.055489194371897116
baseline,-0.1,390000,0.051861338556739855
baseline,-0.1,395000,0.04842936048563564
baseline,-0.1,400000,0.04520693630738097
baseline,0,0,1
baseline,0,5000,0.9704836945013063
baseline,0,10000,0.9420923037105006
baseline,0,15000,0.9147259476247614
baseline,0,20000,0.8882198360038589
baseline,0,25000,0.8625777040540221
baseline,0,30000,0.8377504941060213
baseline,0,35000,0.81362732641584945
baseline,0,40000,0.7902326121738311
baseline,0,45000,0.7674789710830333
baseline,0,50000,0.7453317568998372
baseline,0,55000,0.7237479118138395
baseline,0,60000,0.7027222594762479
baseline,0,65000,0.6821955365756098
baseline,0,70000,0.6621023034752126
baseline,0,75000,0.6424638243806029
baseline,0,80000,0.6233026869955998
baseline,0,85000,0.6045383638032046
baseline,0,90000,0.5861790899037667
baseline,0,95000,0.5681713077339358
baseline,0,100000,0.550518605444578
baseline,0,105000,0.5332635114467897
baseline,0,110000,0.5162773817086657
baseline,0,115000,0.49967750758805674
baseline,0,120000,0.48337650878802846
baseline,0,125000,0.46734797416531365
baseline,0,130000,0.4516641373144161
baseline,0,135000,0.43629141079033446
baseline,0,140000,0.42121797134185096
baseline,0,145000,0.40645067174889993
baseline,0,150000,0.3919524540599044
baseline,0,155000,0.37775125879391064
baseline,0,160000,0.363846321263029
baseline,0,165000,0.3502303181101621
baseline,0,170000,0.33693695442460175
baseline,0,175000,0.32388602621114787
baseline,0,180000,0.31113532622761814
baseline,0,185000,0.2986978247570646
baseline,0,190000,0.28652787581468664
baseline,0,195000,0.27464886120326576
baseline,0,200000,0.26301128208748037
baseline,0,205000,0.25172866520787746
baseline,0,210000,0.24072504176372322
baseline,0,215000,0.22998658855085757
baseline,0,220000,0.2196078327568763
baseline,0,225000,0.20949224724124133
baseline,0,230000,0.1996895661278559
baseline,0,235000,0.19014732006305732
baseline,0,240000,0.18088371450083518
baseline,0,245000,0.1719411013858498
baseline,0,250000,0.16330230465165527
baseline,0,255000,0.15492461942071947
baseline,0,260000,0.14686101503494034
baseline,0,265000,0.13907666878426395
baseline,0,270000,0.13159743300157645
baseline,0,275000,0.1243764852591704
baseline,0,280000,0.11745882449824707
baseline,0,285000,0.11081615726688783
baseline,0,290000,0.10442354297545933
baseline,0,295000,0.09832036305028115
baseline,0,300000,0.0925008235100351
baseline,0,305000,0.0869270134820357
baseline,0,310000,0.08160516811369142
baseline,0,315000,0.07655199289428481
baseline,0,320000,0.07174928236982661
baseline,0,325000,0.06718856615138467
baseline,0,330000,0.0628663149102374
baseline,0,335000,0.05876376438201454
baseline,0,340000,0.054871238323804146
baseline,0,345000,0.05119797181242794
baseline,0,350000,0.04774387661466786
baseline,0,355000,0.04447995341286089
baseline,0,360000,0.04140929036963837
baseline,0,365000,0.03849877061716195
baseline,0,370000,0.035782422766523124
baseline,0,375000,0.033220718336039144
baseline,0,380000,0.030827568763087926
baseline,0,385000,0.028600327051128208
baseline,0,390000,0.026515229053434033
baseline,0,395000,0.02456342203712856
baseline,0,400000,0.022751994070727748
baseline,0.1,0,1
baseline,0.1,5000,0.9598737382649811
baseline,0.1,10000,0.9217583703912849
baseline,0.1,15000,0.8854976353497567
baseline,0.1,20000,0.8509994764829062
baseline,0.1,25000,0.8179979294604831
baseline,0.1,30000,0.7864540246111856
baseline,0.1,35000,0.7562622055951622
baseline,0.1,40000,0.7272986812075011
baseline,0.1,45000,0.6994772475941743
baseline,0.1,50000,0.6727824933530975
baseline,0.1,55000,0.6471267734876827
baseline,0.1,60000,0.6223514152608175
baseline,0.1,65000,0.5984783005105758
baseline,0.1,70000,0.575469871297146
baseline,0.1,75000,0.5532604232841581
baseline,0.1,80000,0.5318101338792032
baseline,0.1,85000,0.5110047998870615
baseline,0.1,90000,0.4908643620150116
baseline,0.1,95000,0.47140279052257605
baseline,0.1,100000,0.45251726429966366
baseline,0.1,105000,0.43426125267640764
baseline,0.1,110000,0.41655363991435485
baseline,0.1,115000,0.3994007493941318
baseline,0.1,120000,0.3827660819745418
baseline,0.1,125000,0.36661496200089405
baseline,0.1,130000,0.35097268299569406
baseline,0.1,135000,0.33582618644267176
baseline,0.1,140000,0.32115811980894565
baseline,0.1,145000,0.30691674901767013
baseline,0.1,150000,0.2931531905131644
baseline,0.1,155000,0.279816357262182
baseline,0.1,160000,0.26691395496576553
baseline,0.1,165000,0.25441651372908863
baseline,0.1,170000,0.2423460036234442
baseline,0.1,175000,0.2306971894778947
baseline,0.1,180000,0.21942013129102844
baseline,0.1,185000,0.20852327004070503
baseline,0.1,190000,0.19799216489023788
baseline,0.1,195000,0.18787169713653795
baseline,0.1,200000,0.17812139714359657
baseline,0.1,205000,0.1687474706477494
baseline,0.1,210000,0.15970668337215596
baseline,0.1,215000,0.15103006399849414
baseline,0.1,220000,0.14270084821533613
baseline,0.1,225000,0.13469653655208114
baseline,0.1,230000,0.1270270993623679
baseline,0.1,235000,0.11967500764687893
baseline,0.1,240000,0.11266887837933223
baseline,0.1,245000,0.10593547798875322
baseline,0.1,250000,0.09954104021081854
baseline,0.1,255000,0.09345791863720851
baseline,0.1,260000,0.08764205548104746
baseline,0.1,265000,0.08211536199148259
baseline,0.1,270000,0.07686236794428371
baseline,0.1,275000,0.07188148514152608
baseline,0.1,280000,0.06715718453683442
baseline,0.1,285000,0.06270023058280984
baseline,0.1,290000,0.05846885955624572
baseline,0.1,295000,0.054490041410790335
baseline,0.1,300000,0.05074765887861461
baseline,0.1,305000,0.047208183336862684
baseline,0.1,310000,0.04386890896684784
baseline,0.1,315000,0.04073377685230934
baseline,0.1,320000,0.03778540504929295
baseline,0.1,325000,0.035003646973012385
baseline,0.1,330000,0.03242153125808806
baseline,0.1,335000,0.030007029246370675
baseline,0.1,340000,0.027753199924707636
baseline,0.1,345000,0.02565233759205666
baseline,0.1,350000,0.023685413284393313
baseline,0.1,355000,0.02186766193736618
baseline,0.1,360000,0.020169172490059048
baseline,0.1,365000,0.01859126844074258
baseline,0.1,370000,0.017123685325051166
baseline,0.1,375000,0.015778481682783934
baseline,0.1,380000,0.014521128914613768
baseline,0.1,385000,0.013364479659302136
baseline,0.1,390000,0.012293034281546312
baseline,0.1,395000,0.011311116209030381
baseline,0.1,400000,0.01040484341544905
growth_and_separations,-0.1,0,1
growth_and_separations,-0.1,5000,0.9629144314251428
growth_and_separations,-0.1,10000,0.927737141479024
growth_and_separations,-0.1,15000,0.894025846450672
growth_and_separations,-0.1,20000,0.8616691960189172
growth_and_separations,-0.1,25000,0.8304169313663204
growth_and_separations,-0.1,30000,0.8001879661655018
growth_and_separations,-0.1,35000,0.7710140349638831
growth_and_separations,-0.1,40000,0.7427934342721351
growth_and_separations,-0.1,45000,0.7157356003388154
growth_and_separations,-0.1,50000,0.6897976812310298
growth_and_separations,-0.1,55000,0.6650615573751207
growth_and_separations,-0.1,60000,0.6414588774381776
growth_and_separations,-0.1,65000,0.6190443754264606
growth_and_separations,-0.1,70000,0.5977000247053009
growth_and_separations,-0.1,75000,0.5773278864026729
growth_and_separations,-0.1,80000,0.5578371391261381
growth_and_separations,-0.1,85000,0.5390555222230065
growth_and_separations,-0.1,90000,0.5209802710524458
growth_and_separations,-0.1,95000,0.5034144490717868
growth_and_separations,-0.1,100000,0.48642981929836937
growth_and_separations,-0.1,105000,0.4699502364650243
growth_and_separations,-0.1,110000,0.45384752711700893
growth_and_separations,-0.1,115000,0.4381939836709723
growth_and_separations,-0.1,120000,0.42295057763346733
growth_and_separations,-0.1,125000,0.40816401378791123
growth_and_separations,-0.1,130000,0.3937815286699137
growth_and_separations,-0.1,135000,0.3798100927037011
growth_and_separations,-0.1,140000,0.36617111950307046
growth_and_separations,-0.1,145000,0.35295460695042474
growth_and_separations,-0.1,150000,0.3400787040304934
growth_and_separations,-0.1,155000,0.3275388814380839
growth_and_separations,-0.1,160000,0.31537346180089876
growth_and_separations,-0.1,165000,0.3034925942918989
growth_and_separations,-0.1,170000,0.29194092491941365
growth_and_separations,-0.1,175000,0.28069486600315285
growth_and_separations,-0.1,180000,0.26974430013411455
growth_and_separations,-0.1,185000,0.2591022270064234
growth_and_separations,-0.1,190000,0.24870185407402176
growth_and_separations,-0.1,195000,0.23860009176254673
growth_and_separations,-0.1,200000,0.2287708818616032
growth_and_separations,-0.1,205000,0.21920337168537216
growth_and_separations,-0.1,210000,0.20991461965600805
growth_and_separations,-0.1,215000,0.20087242064892594
growth_and_separations,-0.1,220000,0.19207206889249664
growth_and_separations,-0.1,225000,0.18356659255076344
growth_and_separations,-0.1,230000,0.17533460977388773
growth_and_separations,-0.1,235000,0.16733226865250228
growth_and_separations,-0.1,240000,0.15959915649043552
growth_and_separations,-0.1,245000,0.15209406837486172
growth_and_separations,-0.1,250000,0.1448383861556199
growth_and_separations,-0.1,255000,0.1378406978659326
growth_and_separations,-0.1,260000,0.131055122232418
growth_and_separations,-0.1,265000,0.1245077174654714
growth_and_separations,-0.1,270000,0.11818966024328838
growth_and_separations,-0.1,275000,0.11209383308628036
growth_and_separations,-0.1,280000,0.10622291240206116
growth_and_separations,-0.1,285000,0.10056619256017503
growth_and_separations,-0.1,290000,0.09512823227688758
growth_and_separations,-0.1,295000,0.08990720806569259
growth_and_separations,-0.1,300000,0.0849267958400979
growth_and_separations,-0.1,305000,0.08013161455024581
growth_and_separations,-0.1,310000,0.07555201642314295
growth_and_separations,-0.1,315000,0.07117803110515046
growth_and_separations,-0.1,320000,0.06699607068068987
growth_and_separations,-0.1,325000,0.06300922331239266
growth_and_separations,-0.1,330000,0.05919025434695655
growth_and_separations,-0.1,335000,0.05554319310133881
growth_and_separations,-0.1,340000,0.05210836215618455
growth_and_separations,-0.1,345000,0.048844615420813614
growth_and_separations,-0.1,350000,0.04573498270628924
growth_and_separations,-0.1,355000,0.042799081198089436
growth_and_separations,-0.1,360000,0.040000558810380935
growth_and_separations,-0.1,365000,0.037371561845603626
growth_and_separations,-0.1,370000,0.034890061410319764
growth_and_separations,-0.1,375000,0.03254896943601327
growth_and_separations,-0.1,380000,0.03033405096350675
growth_and_separations,-0.1,385000,0.028267834874473537
growth_and_separations,-0.1,390000,0.026322439472012425
growth_and_separations,-0.1,395000,0.02447821815957272
growth_and_separations,-0.1,400000,0.022750582339239073
growth_and_separations,0,0,1
growth_and_separations,0,5000,0.9482982165125523
growth_and_separations,0,10000,0.9010511223265335
growth_and_separations,0,15000,0.8572670937154417
growth_and_separations,0,20000,0.8162661466789015
growth_and_separations,0,25000,0.7777418766617252
growth_and_separations,0,30000,0.7412888814380837
growth_and_separations,0,35000,0.706980100468224
growth_and_separations,0,40000,0.6746133032163947
growth_and_separations,0,45000,0.6441012564410249
growth_and_separations,0,50000,0.6153751382320415
growth_and_separations,0,55000,0.588345509517423
growth_and_separations,0,60000,0.5629068727794639
growth_and_separations,0,65000,0.5389427013482034
growth_and_separations,0,70000,0.5162381179266368
growth_and_separations,0,75000,0.49470880096938896
growth_and_separations,0,80000,0.4741685195642454
growth_and_separations,0,85000,0.454518540740218
growth_and_separations,0,90000,0.4356812780875743
growth_and_separations,0,95000,0.41762182066304326
growth_and_separations,0,100000,0.40024911178560507
growth_and_separations,0,105000,0.3835600632926287
growth_and_separations,0,110000,0.36749026493494275
growth_and_separations,0,115000,0.35198912966753704
growth_and_separations,0,120000,0.33706883367450174
growth_and_separations,0,125000,0.3227249652949342
growth_and_separations,0,130000,0.3088707618644268
growth_and_separations,0,135000,0.295527693466036
growth_and_separations,0,140000,0.2826658196277735
growth_and_separations,0,145000,0.27024137667349
growth_and_separations,0,150000,0.25829006964542023
growth_and_separations,0,155000,0.24673960612691462
growth_and_separations,0,160000,0.23561880896920065
growth_and_separations,0,165000,0.2248833556857485
growth_and_separations,0,170000,0.21452621703018754
growth_and_separations,0,175000,0.20453280511046798
growth_and_separations,0,180000,0.194860473871203
growth_and_separations,0,185000,0.18557339827298183
growth_and_separations,0,190000,0.17663216747841232
growth_and_separations,0,195000,0.1680002235241523
growth_and_separations,0,200000,0.15965486106209265
growth_and_separations,0,205000,0.1516095503635209
growth_and_separations,0,210000,0.14390905508105686
growth_and_separations,0,215000,0.13650143526034686
growth_and_separations,0,220000,0.12935572104185789
growth_and_separations,0,225000,0.12252535234465071
growth_and_separations,0,230000,0.11595197760052703
growth_and_separations,0,235000,0.10964080256935128
growth_and_separations,0,240000,0.10360388579092261
growth_and_separations,0,245000,0.09780231641608435
growth_and_separations,0,250000,0.0922570351285852
growth_and_separations,0,255000,0.08696271852427001
growth_and_separations,0,260000,0.08189280840450812
growth_and_separations,0,265000,0.07706486317968989
growth_and_separations,0,270000,0.07243470741864896
growth_and_separations,0,275000,0.06803031105150467
growth_and_separations,0,280000,0.06383743911907955
growth_and_separations,0,285000,0.059862562057363344
growth_and_separations,0,290000,0.056092268417213716
growth_and_separations,0,295000,0.05248176513493799
growth_and_separations,0,300000,0.04908734500364697
growth_and_separations,0,305000,0.04587342062539705
growth_and_separations,0,310000,0.04284463894967179
growth_and_separations,0,315000,0.03996691254323426
growth_and_separations,0,320000,0.03723850615279639
growth_and_separations,0,325000,0.03469144843650737
growth_and_separations,0,330000,0.03228700501164679
growth_and_separations,0,335000,0.030027852285828556
growth_and_separations,0,340000,0.027904931648667093
growth_and_separations,0,345000,0.025915478459330364
growth_and_separations,0,350000,0.02405219877179359
growth_and_separations,0,355000,0.022305122232418054
growth_and_separations,0,360000,0.02067089597891814
growth_and_separations,0,365000,0.019146402437589707
growth_and_separations,0,370000,0.01772158302157597
growth_and_separations,0,375000,0.0163902319945413
growth_and_separations,0,380000,0.01514811416201972
growth_and_separations,0,385000,0.013999170607750397
growth_and_separations,0,390000,0.012925372344180135
growth_and_separations,0,395000,0.011933072163007928
growth_and_separations,0,400000,0.011015946683607447
growth_and_separations,0.1,0,1
growth_and_separations,0.1,5000,0.93099841768429
growth_and_separations,0.1,10000,0.8699857650408225
growth_and_separations,0.1,15000,0.815057233947437
growth_and_separations,0.1,20000,0.7650580868685439
growth_and_separations,0.1,25000,0.7192433413331452
growth_and_separations,0.1,30000,0.6770734512129125
growth_and_separations,0.1,35000,0.638123544151902
growth_and_separations,0.1,40000,0.6020753923437099
growth_and_separations,0.1,45000,0.5686973247688291
growth_and_separations,0.1,50000,0.5377589939060254
growth_and_separations,0.1,55000,0.5090346109503304
growth_and_separations,0.1,60000,0.48229165196113044
growth_and_separations,0.1,65000,0.45722650643514273
growth_and_separations,0.1,70000,0.4337272946518905
growth_and_separations,0.1,75000,0.4115810510340933
growth_and_separations,0.1,80000,0.3906478965200819
growth_and_separations,0.1,85000,0.37083030399284717
growth_and_separations,0.1,90000,0.3519819239547304
growth_and_separations,0.1,95000,0.3341192266064328
growth_and_separations,0.1,100000,0.31708695089527306
growth_and_separations,0.1,105000,0.3008935672101832
growth_and_separations,0.1,110000,0.28555504576362906
growth_and_separations,0.1,115000,0.2708966553728148
growth_and_separations,0.1,120000,0.2569537481471025
growth_and_separations,0.1,125000,0.24364059080962788
growth_and_separations,0.1,130000,0.2309695948330627
growth_and_separations,0.1,135000,0.2188270570104233
growth_and_separations,0.1,140000,0.20731512199712945
growth_and_separations,0.1,145000,0.19624620597162415
growth_and_separations,0.1,150000,0.1857017481941601
growth_and_separations,0.1,155000,0.17562919107785688
growth_and_separations,0.1,160000,0.1660247994164843
growth_and_separations,0.1,165000,0.15690136702665822
growth_and_separations,0.1,170000,0.14815621985365052
growth_and_separations,0.1,175000,0.13983906261029153
growth_and_separations,0.1,180000,0.1318891908425684
growth_and_separations,0.1,185000,0.1243079574598245
growth_and_separations,0.1,190000,0.11708915672572402
growth_and_separations,0.1,195000,0.11019826004094022
growth_and_separations,0.1,200000,0.10367885461518547
growth_and_separations,0.1,205000,0.09745261876191152
growth_and_separations,0.1,210000,0.09153949318839556
growth_and_separations,0.1,215000,0.0859198901202325
growth_and_separations,0.1,220000,0.08056863367920754
growth_and_separations,0.1,225000,0.0754962236182678
growth_and_separations,0.1,230000,0.070701483494506
growth_and_separations,0.1,235000,0.06614885532105125
growth_and_separations,0.1,240000,0.06184333898025929
growth_and_separations,0.1,245000,0.057774670007764525
growth_and_separations,0.1,250000,0.0539145549516482
growth_and_separations,0.1,255000,0.05027499352956402
growth_and_separations,0.1,260000,0.04684542716641962
growth_and_separations,0.1,265000,0.04362000305875157
growth_and_separations,0.1,270000,0.04057395708336275
growth_and_separations,0.1,275000,0.037714494953059924
growth_and_separations,0.1,280000,0.0350287052069363
growth_and_separations,0.1,285000,0.03251929366367849
growth_and_separations,0.1,290000,0.030152114067904297
growth_and_separations,0.1,295000,0.027938195571868895
growth_and_separations,0.1,300000,0.02586124444130725
growth_and_separations,0.1,305000,0.02391414319663067
growth_and_separations,0.1,310000,0.022114862003246968
growth_and_separations,0.1,315000,0.020442636643843666
growth_and_separations,0.1,320000,0.018871408908025696
growth_and_separations,0.1,325000,0.017411384438013225
growth_and_separations,0.1,330000,0.016053857556292787
growth_and_separations,0.1,335000,0.014784269781887478
growth_and_separations,0.1,340000,0.013606621020681877
growth_and_separations,0.1,345000,0.012518234865061992
growth_and_separations,0.1,350000,0.011517052539940233
growth_and_separations,0.1,355000,0.010592868403096397
growth_and_separations,0.1,360000,0.009733859203312864
growth_and_separations,0.1,365000,0.008936142678995791
growth_and_separations,0.1,370000,0.008195101291734315
growth_and_separations,0.1,375000,0.0075199112962047905
growth_and_separations,0.1,380000,0.006892720171290089
growth_and_separations,0.1,385000,0.006318557210418581
growth_and_separations,0.1,390000,0.005793510740923741
growth_and_separations,0.1,395000,0.005309316251382328
growth_and_separations,0.1,400000,0.0048700912919696
degenerate,NA,0,0.6853662266770193
degenerate,NA,5000,0.6740311992658996
degenerate,NA,10000,0.6631755723394743
degenerate,NA,15000,0.6523405331639256
degenerate,NA,20000,0.6410260935036822
degenerate,NA,25000,0.6297293004870473
degenerate,NA,30000,0.6179384014493776
degenerate,NA,35000,0.6061769134843886
degenerate,NA,40000,0.5944477776993482
degenerate,NA,45000,0.5829245194230723
degenerate,NA,50000,0.5709512717347827
degenerate,NA,55000,0.5591221383026281
degenerate,NA,60000,0.5470665396108327
degenerate,NA,65000,0.5351227029952237
degenerate,NA,70000,0.5231641608432742
degenerate,NA,75000,0.5109968000752924
degenerate,NA,80000,0.49860885626220564
degenerate,NA,85000,0.4865091409613892
degenerate,NA,90000,0.47428589915531394
degenerate,NA,95000,0.46188913202042303
degenerate,NA,100000,0.45021293616620783
degenerate,NA,105000,0.4380426342909579
degenerate,NA,110000,0.42613114985529754
degenerate,NA,115000,0.41407555116350203
degenerate,NA,120000,0.4023846497729465
degenerate,NA,125000,0.39041140208465686
degenerate,NA,130000,0.37881167501941126
degenerate,NA,135000,0.36639137902637586
degenerate,NA,140000,0.35458283334509777
degenerate,NA,145000,0.34275369991294324
degenerate,NA,150000,0.33062751464671425
degenerate,NA,155000,0.3192954283428625
degenerate,NA,160000,0.3076898190630809
degenerate,NA,165000,0.29666949012964405
degenerate,NA,170000,0.28524034728594616
degenerate,NA,175000,0.27354356368085453
degenerate,NA,180000,0.2622555939860238
degenerate,NA,185000,0.24977353474035902
degenerate,NA,190000,0.23922672407708057
degenerate,NA,195000,0.22844168372508877
degenerate,NA,200000,0.216189030846333
degenerate,NA,205000,0.20347756523375926
degenerate,NA,210000,0.19229547540057879
degenerate,NA,215000,0.18031046328321687
degenerate,NA,220000,0.16882838050869386
degenerate,NA,225000,0.15669631302792875
degenerate,NA,230000,0.14505246935366223
degenerate,NA,235000,0.13211747958871556
degenerate,NA,240000,0.12134714477306419
degenerate,NA,245000,0.1106091621373615
degenerate,NA,250000,0.10028881673372392
degenerate,NA,255000,0.09083021575962924
degenerate,NA,260000,0.08173925319404252
degenerate,NA,265000,0.0734776828780499
degenerate,NA,270000,0.06556316321968891
degenerate,NA,275000,0.05674278252276421
degenerate,NA,280000,0.04919884238017924
degenerate,NA,285000,0.042084303898731745
degenerate,NA,290000,0.036034446248323526
degenerate,NA,295000,0.03176689960236234
degenerate,NA,300000,0.02642290769628952
degenerate,NA,305000,0.023884732123950037
degenerate,NA,310000,0.02022893578974616
degenerate,NA,315000,0.017152537587350913
degenerate,NA,320000,0.01563786734429773
degenerate,NA,325000,0.013434978000517628
degenerate,NA,330000,0.011958542151949358
degenerate,NA,335000,0.010864450248229462
degenerate,NA,340000,0.010082115714924345
degenerate,NA,345000,0.009170372461824394
degenerate,NA,350000,0.008470388932025119
degenerate,NA,355000,0.0076615844333074445
degenerate,NA,360000,0.006982188654384602
degenerate,NA,365000,0.006091033152161085
degenerate,NA,370000,0.005491047269476024
degenerate,NA,375000,0.0047528293451918335
degenerate,NA,380000,0.0042469588950848625
degenerate,NA,385000,0.0036852074068844942
degenerate,NA,390000,0.0033852144655419636
degenerate,NA,395000,0.00300287052069359
degenerate,NA,400000,0.0025234700359991757
