cut_variable,scenario_int,scenario_chr,mu_pi_num,quartile_int,cohort_share_pct,savings_lower_num,median_savings_num,savings_upper_num,wage_lower_num,median_wage_num,wage_upper_num,f1_share_pre_pct,f1_share_post_pct,mean_age_pre_num,mean_age_post_num,age_shift_num,hiring_rate_pct,volume_reduction_pct,fy2027_applications_num,fy2027_lost_num,cohort_mean_age_pre_num,cohort_mean_age_post_num,cohort_f1_share_pre_pct,cohort_f1_share_post_pct
payroll savings,1,"Borjas headline, current lottery",-0.1,1,25.00094498512983,-2.3122049616740523,-0.220993594476635,-0.08660927193350473,40969.73866083081,134271.982501699,989121.7067940723,83.36736112994598,79.74897940623897,29.337511115778952,29.970117667441315,0.6326065516623629,19.279802838830005,80.72019716116999,49241.835731318264,39748.10688809955,30.00160380567874,30.552927423402924,85.32812480613377,84.77939636624845
payroll savings,1,"Borjas headline, current lottery",-0.1,2,24.999639318652736,-0.08660850010389473,0.00717233183319047,0.08993908245290386,38766.59590111127,113658.181981571,321634.9440147144,86.54044753410147,85.20916040638136,29.302298900656247,29.633181834239654,0.3308829335834069,49.29999512351784,50.70000487648216,49239.26409195732,24964.30929576629,30.00160380567874,30.552927423402924,85.32812480613377,84.77939636624845
payroll savings,1,"Borjas headline, current lottery",-0.1,3,24.99932913269409,0.08994226004090458,0.172232187324,0.2636980127267044,37207.959868935934,100150.944471231,282585.4575735125,86.98335338775439,86.49452800331048,29.8156548561997,29.978224833043964,0.16256997684426366,74.51995140770494,25.480048592295063,49238.65315000968,12546.03274881409,30.00160380567874,30.552927423402924,85.32812480613377,84.77939636624845
payroll savings,1,"Borjas headline, current lottery",-0.1,4,25.000086563523343,0.26369946591017307,0.382514281396867,1.4196704837040985,34910.71545044166,86369.2918264212,268001.860087746,84.42147633577875,84.2208668777538,31.550955008764525,31.6204895290945,0.06953452032997376,93.1151847764144,6.884815223585605,49240.14498499808,3390.0929980427713,30.00160380567874,30.552927423402924,85.32812480613377,84.77939636624845
payroll savings,1,"Borjas headline, current lottery",0,1,25.00094498512983,-2.3122049616740523,-0.220993594476635,-0.08660927193350473,40969.73866083081,134271.982501699,989121.7067940723,83.36736112994598,78.84509144365508,29.337511115778952,30.104835825730696,0.767324709951744,13.337464950311533,86.66253504968847,49241.835731318264,42674.22314976371,30.00160380567874,30.70760797051869,85.32812480613377,84.49077772736389
payroll savings,1,"Borjas headline, current lottery",0,2,24.999639318652736,-0.08660850010389473,0.00717233183319047,0.08993908245290386,38766.59590111127,113658.181981571,321634.9440147144,86.54044753410147,84.73421316672224,29.302298900656247,29.739797791770776,0.43749889111452944,36.91599148548901,63.08400851451099,49239.26409195732,31062.101552252905,30.00160380567874,30.70760797051869,85.32812480613377,84.49077772736389
payroll savings,1,"Borjas headline, current lottery",0,3,24.99932913269409,0.08994226004090458,0.172232187324,0.2636980127267044,37207.959868935934,100150.944471231,282585.4575735125,86.98335338775439,86.23437099763481,29.8156548561997,30.060731219268522,0.2450763630688222,61.27767697665896,38.72232302334104,49238.65315000968,19066.350325089235,30.00160380567874,30.70760797051869,85.32812480613377,84.49077772736389
payroll savings,1,"Borjas headline, current lottery",0,4,25.000086563523343,0.26369946591017307,0.382514281396867,1.4196704837040985,34910.71545044166,86369.2918264212,268001.860087746,84.42147633577875,84.01616585801399,31.550955008764525,31.684549630668506,0.1335946219039812,85.37476162652298,14.625238373477018,49240.14498499808,7201.488579501659,30.00160380567874,30.70760797051869,85.32812480613377,84.49077772736389
payroll savings,1,"Borjas headline, current lottery",0.1,1,25.00094498512983,-2.3122049616740523,-0.220993594476635,-0.08660927193350473,40969.73866083081,134271.982501699,989121.7067940723,83.36736112994598,78.00196825116423,29.337511115778952,30.235441150943533,0.8979300351645811,9.125049267209766,90.87495073279024,49241.835731318264,44748.493960756976,30.00160380567874,30.862149731926085,85.32812480613377,84.17308588673234
payroll savings,1,"Borjas headline, current lottery",0.1,2,24.999639318652736,-0.08660850010389473,0.00717233183319047,0.08993908245290386,38766.59590111127,113658.181981571,321634.9440147144,86.54044753410147,84.28287452859328,29.302298900656247,29.843443220618543,0.5411443199622958,26.84657692592912,73.15342307407087,49239.26409195732,36020.2071797486,30.00160380567874,30.862149731926085,85.32812480613377,84.17308588673234
payroll savings,1,"Borjas headline, current lottery",0.1,3,24.99932913269409,0.08994226004090458,0.172232187324,0.2636980127267044,37207.959868935934,100150.944471231,282585.4575735125,86.98335338775439,85.92768330081877,29.8156548561997,30.155250205670754,0.33959534947105396,47.874450090461295,52.125549909538705,49238.65315000968,25665.91872249295,30.00160380567874,30.862149731926085,85.32812480613377,84.17308588673234
payroll savings,1,"Borjas headline, current lottery",0.1,4,25.000086563523343,0.26369946591017307,0.382514281396867,1.4196704837040985,34910.71545044166,86369.2918264212,268001.860087746,84.42147633577875,83.75990890616754,31.550955008764525,31.764632291543037,0.21367728277851228,74.1414391135926,25.858560886407403,49240.14498499808,12732.792871501011,30.00160380567874,30.862149731926085,85.32812480613377,84.17308588673234
payroll savings,2,"Borjas headline, weighted lottery + old wage levels",-0.1,1,33.60328368324397,-2.3122049616740523,-0.235621378591166,-0.08660927193350473,40969.73866083081,138788.531016133,989121.7067940723,81.06441159249957,77.22322365694676,29.760537846341258,30.411698577594144,0.6511607312528866,19.66406844147238,80.33593155852762,66184.9932531498,53170.330881866554,30.382967255271435,31.0045636055261,83.02614265376482,82.45638319225995
payroll savings,2,"Borjas headline, weighted lottery + old wage levels",-0.1,2,26.71253026347329,-0.08660850010389473,0.00356325911285319,0.08993908245290386,38766.59590111127,122629.482685614,321634.9440147144,84.32090465108374,82.89685724455217,29.906045108449025,30.23411045257305,0.328065344124024,51.30703508992496,48.69296491007504,52612.97234901255,25618.816164052165,30.382967255271435,31.0045636055261,83.02614265376482,82.45638319225995
payroll savings,2,"Borjas headline, weighted lottery + old wage levels",-0.1,3,22.323341096099508,0.08994226004090458,0.168222652926392,0.2636980127267044,37275.57298183776,104685.151157449,282585.4575735125,84.84406487025367,84.31710835299808,30.483556771157183,30.651798339363157,0.1682415682059748,76.08285924224198,23.91714075775802,43968.029843757125,10515.895586144445,30.382967255271435,31.0045636055261,83.02614265376482,82.45638319225995
payroll savings,2,"Borjas headline, weighted lottery + old wage levels",-0.1,4,17.36084495718323,0.26369946591017307,0.3681395569752435,1.245999571438833,34910.71545044166,91348.1717727989,268001.860087746,82.49345767079797,82.26751150693643,32.19220956375616,32.26602206805289,0.07381250429673258,93.46263275614713,6.53736724385287,34193.902512363864,2235.380982238259,30.382967255271435,31.0045636055261,83.02614265376482,82.45638319225995
payroll savings,2,"Borjas headline, weighted lottery + old wage levels",0,1,33.60328368324397,-2.3122049616740523,-0.235621378591166,-0.08660927193350473,40969.73866083081,138788.531016133,989121.7067940723,81.06441159249957,76.2862269704634,29.760537846341258,30.529319524013662,0.7687816776724041,13.717291594730053,86.28270840526994,66184.9932531498,57106.20473666283,30.382967255271435,31.161109432782425,83.02614265376482,82.16685052049169
payroll savings,2,"Borjas headline, weighted lottery + old wage levels",0,2,26.71253026347329,-0.08660850010389473,0.00356325911285319,0.08993908245290386,38766.59590111127,122629.482685614,321634.9440147144,84.32090465108374,82.37256634883944,29.906045108449025,30.334925461241227,0.42888035279220205,38.974718429670425,61.025281570329575,52612.97234901255,32107.21451850455,30.382967255271435,31.161109432782425,83.02614265376482,82.16685052049169
payroll savings,2,"Borjas headline, weighted lottery + old wage levels",0,3,22.323341096099508,0.08994226004090458,0.168222652926392,0.2636980127267044,37275.57298183776,104685.151157449,282585.4575735125,84.84406487025367,84.04769376253314,30.483556771157183,30.73669134430569,0.2531345731485075,63.206911302189575,36.793088697810425,43968.029843757125,16177.196219093317,30.382967255271435,31.161109432782425,83.02614265376482,82.16685052049169
payroll savings,2,"Borjas headline, weighted lottery + old wage levels",0,4,17.36084495718323,0.26369946591017307,0.3681395569752435,1.245999571438833,34910.71545044166,91348.1717727989,268001.860087746,82.49345767079797,82.06177549937594,32.19220956375616,32.333511773183595,0.14130220942743676,85.98810466730431,14.011895332695687,34193.902512363864,4791.213830196426,30.382967255271435,31.161109432782425,83.02614265376482,82.16685052049169
payroll savings,2,"Borjas headline, weighted lottery + old wage levels",0.1,1,33.60328368324397,-2.3122049616740523,-0.235621378591166,-0.08660927193350473,40969.73866083081,138788.531016133,989121.7067940723,81.06441159249957,75.31465082792245,29.760537846341258,30.659168206148387,0.8986303598071288,9.485395063343535,90.51460493665647,66184.9932531498,59907.085170441285,30.382967255271435,31.32340854192198,83.02614265376482,81.82169932496767
payroll savings,2,"Borjas headline, weighted lottery + old wage levels",0.1,2,26.71253026347329,-0.08660850010389473,0.00356325911285319,0.08993908245290386,38766.59590111127,122629.482685614,321634.9440147144,84.32090465108374,81.83307606877257,29.906045108449025,30.45035601140276,0.5443109029537361,28.741288761953896,71.2587112380461,52612.97234901255,37491.3260399359,30.382967255271435,31.32340854192198,83.02614265376482,81.82169932496767
payroll savings,2,"Borjas headline, weighted lottery + old wage levels",0.1,3,22.323341096099508,0.08994226004090458,0.168222652926392,0.2636980127267044,37275.57298183776,104685.151157449,282585.4575735125,84.84406487025367,83.70155485327463,30.483556771157183,30.83528674531554,0.3517299741583564,50.029121170386745,49.970878829613255,43968.029843757125,21971.210916992066,30.382967255271435,31.32340854192198,83.02614265376482,81.82169932496767
payroll savings,2,"Borjas headline, weighted lottery + old wage levels",0.1,4,17.36084495718323,0.26369946591017307,0.3681395569752435,1.245999571438833,34910.71545044166,91348.1717727989,268001.860087746,82.49345767079797,81.79548590784779,32.19220956375616,32.41744514299797,0.22523557924181148,75.1365055327515,24.8634944672485,34193.902512363864,8501.799059297935,30.382967255271435,31.32340854192198,83.02614265376482,81.82169932496767
payroll savings,3,"Borjas headline, weighted lottery + new wage levels",-0.1,1,53.2742372474902,-2.3122049616740523,-0.260273362973262,-0.08660927193350473,42600.65483638601,144655.867976545,989121.7067940723,80.63967866475275,77.01348952355696,29.702815821050386,30.27784272614909,0.5750269050987029,19.394400610248393,80.6055993897516,104928.88332071048,84578.55533363178,30.18509864621598,30.894971904306114,82.73910640484814,82.57524878593941
payroll savings,3,"Borjas headline, weighted lottery + new wage levels",-0.1,2,28.133386462482786,-0.08660499931366103,-0.00564419259545487,0.08993908245290386,42407.61064800436,133290.049778388,295511.2731520856,85.13504593180373,84.08575424139177,30.1066479426547,30.341942995930108,0.2352950532754079,54.01220992705558,45.98779007294442,55411.489268715595,25482.519361189054,30.18509864621598,30.894971904306114,82.73910640484814,82.57524878593941
payroll savings,3,"Borjas headline, weighted lottery + new wage levels",-0.1,3,14.130327095502876,0.08994226004090458,0.156410238474878,0.2636466342587372,39558.527356957726,127110.768884438,282585.4575735125,85.58801025583006,85.28253827506798,31.17320684400087,31.293125194042087,0.11991835004121754,78.5202085222588,21.479791477741202,27831.077828474128,5978.057483564106,30.18509864621598,30.894971904306114,82.73910640484814,82.57524878593941
payroll savings,3,"Borjas headline, weighted lottery + new wage levels",-0.1,4,4.462049194524145,0.2639468312070537,0.333110017941418,1.1602956557116868,40470.62209456671,107977.052595116,216983.80196481812,83.67669704915303,83.64738948274943,33.30878486340548,33.36585803387809,0.057073170472612844,93.97549857859178,6.0245014214082175,8788.44754038316,529.460146990099,30.18509864621598,30.894971904306114,82.73910640484814,82.57524878593941
payroll savings,3,"Borjas headline, weighted lottery + new wage levels",0,1,53.2742372474902,-2.3122049616740523,-0.260273362973262,-0.08660927193350473,42600.65483638601,144655.867976545,989121.7067940723,80.63967866475275,76.28770523126192,29.702815821050386,30.366671139970123,0.6638553189197367,13.700436604051944,86.29956339594806,104928.88332071048,90553.1681820169,30.18509864621598,31.038842142334822,82.73910640484814,82.43538135559567
payroll savings,3,"Borjas headline, weighted lottery + new wage levels",0,2,28.133386462482786,-0.08660499931366103,-0.00564419259545487,0.08993908245290386,42407.61064800436,133290.049778388,295511.2731520856,85.13504593180373,83.80812937184369,30.1066479426547,30.406975443061047,0.3003275004063468,41.70407795434143,58.29592204565857,55411.489268715595,32302.63858842891,30.18509864621598,31.038842142334822,82.73910640484814,82.43538135559567
payroll savings,3,"Borjas headline, weighted lottery + new wage levels",0,3,14.130327095502876,0.08994226004090458,0.156410238474878,0.2636466342587372,39558.527356957726,127110.768884438,282585.4575735125,85.58801025583006,85.02719149015137,31.17320684400087,31.362629997583443,0.1894231535825739,66.60905676420221,33.39094323579779,27831.077828474128,9293.0593996165,30.18509864621598,31.038842142334822,82.73910640484814,82.43538135559567
payroll savings,3,"Borjas headline, weighted lottery + new wage levels",0,4,4.462049194524145,0.2639468312070537,0.333110017941418,1.1602956557116868,40470.62209456671,107977.052595116,216983.80196481812,83.67669704915303,83.55401666768759,33.30878486340548,33.41800212382686,0.10921726042138147,87.34055528110586,12.659444718894136,8788.44754038316,1112.5686580238175,30.18509864621598,31.038842142334822,82.73910640484814,82.43538135559567
payroll savings,3,"Borjas headline, weighted lottery + new wage levels",0.1,1,53.2742372474902,-2.3122049616740523,-0.260273362973262,-0.08660927193350473,42600.65483638601,144655.867976545,989121.7067940723,80.63967866475275,75.35998301705706,29.702815821050386,30.474927443680002,0.7721116226296161,9.501504932805837,90.49849506719417,104928.88332071048,94959.0602960551,30.18509864621598,31.175879383681075,82.73910640484814,82.27509333514269
payroll savings,3,"Borjas headline, weighted lottery + new wage levels",0.1,2,28.133386462482786,-0.08660499931366103,-0.00564419259545487,0.08993908245290386,42407.61064800436,133290.049778388,295511.2731520856,85.13504593180373,83.41421900872129,30.1066479426547,30.468913500376438,0.36226555772173796,31.35128760587504,68.64871239412496,55411.489268715595,38039.27390138198,30.18509864621598,31.175879383681075,82.73910640484814,82.27509333514269
payroll savings,3,"Borjas headline, weighted lottery + new wage levels",0.1,3,14.130327095502876,0.08994226004090458,0.156410238474878,0.2636466342587372,39558.527356957726,127110.768884438,282585.4575735125,85.58801025583006,84.969585699575,31.17320684400087,31.417387304215072,0.2441804602142028,54.00864557101623,45.99135442898377,27831.077828474128,12799.889645499854,30.18509864621598,31.175879383681075,82.73910640484814,82.27509333514269
payroll savings,3,"Borjas headline, weighted lottery + new wage levels",0.1,4,4.462049194524145,0.2639468312070537,0.333110017941418,1.1602956557116868,40470.62209456671,107977.052595116,216983.80196481812,83.67669704915303,83.54887513190559,33.30878486340548,33.47731792879235,0.16853306538687463,77.32219912019266,22.677800879807336,8788.44754038316,1993.0266336344184,30.18509864621598,31.175879383681075,82.73910640484814,82.27509333514269
payroll savings,4,"Tenure-adjusted, current lottery",-0.1,1,25.00094498512983,-2.3122049616740523,-0.220993594476635,-0.08660927193350473,40969.73866083081,134271.982501699,989121.7067940723,83.36736112994598,79.10496854682093,29.337511115778952,30.07130017221295,0.7337890564339986,11.816637399683882,88.18336260031612,49241.835731318264,43423.106554000406,30.00160380567874,30.712892339626546,85.32812480613377,84.47633991406758
payroll savings,4,"Tenure-adjusted, current lottery",-0.1,2,24.999639318652736,-0.08660850010389473,0.00717233183319047,0.08993908245290386,38766.59590111127,113658.181981571,321634.9440147144,86.54044753410147,84.83970153465587,29.302298900656247,29.72896230910171,0.4266634084454637,32.828487485475144,67.17151251452486,49239.26409195732,33074.75844158905,30.00160380567874,30.712892339626546,85.32812480613377,84.47633991406758
payroll savings,4,"Tenure-adjusted, current lottery",-0.1,3,24.99932913269409,0.08994226004090458,0.172232187324,0.2636980127267044,37207.959868935934,100150.944471231,282585.4575735125,86.98335338775439,86.18213797225177,29.8156548561997,30.072871895381823,0.25721703918212313,54.19255620287572,45.80744379712428,49238.65315000968,22554.968368151647,30.00160380567874,30.712892339626546,85.32812480613377,84.47633991406758
payroll savings,4,"Tenure-adjusted, current lottery",-0.1,4,25.000086563523343,0.26369946591017307,0.382514281396867,1.4196704837040985,34910.71545044166,86369.2918264212,268001.860087746,84.42147633577875,83.9289264078844,31.550955008764525,31.710631607701597,0.15967659893707165,74.7351632798805,25.264836720119504,49240.14498499808,12440.442231209876,30.00160380567874,30.712892339626546,85.32812480613377,84.47633991406758
payroll savings,4,"Tenure-adjusted, current lottery",0,1,25.00094498512983,-2.3122049616740523,-0.220993594476635,-0.08660927193350473,40969.73866083081,134271.982501699,989121.7067940723,83.36736112994598,78.28178795838637,29.337511115778952,30.20608868756983,0.8685775717908797,8.022058148868629,91.97794185113138,49241.835731318264,45291.62703538154,30.00160380567874,30.86259901177477,85.32812480613377,84.1822578505874
payroll savings,4,"Tenure-adjusted, current lottery",0,2,24.999639318652736,-0.08660850010389473,0.00717233183319047,0.08993908245290386,38766.59590111127,113658.181981571,321634.9440147144,86.54044753410147,84.37377983887359,29.302298900656247,29.826582534672166,0.5242836340159194,23.791158735842703,76.2088412641573,49239.26409195732,37524.672611478956,30.00160380567874,30.86259901177477,85.32812480613377,84.1822578505874
payroll savings,4,"Tenure-adjusted, current lottery",0,3,24.99932913269409,0.08994226004090458,0.172232187324,0.2636980127267044,37207.959868935934,100150.944471231,282585.4575735125,86.98335338775439,85.94122496186964,29.8156548561997,30.158390209859807,0.34273535366010677,42.51243229829436,57.48756770170564,49238.65315000968,28306.104065019834,30.00160380567874,30.86259901177477,85.32812480613377,84.1822578505874
payroll savings,4,"Tenure-adjusted, current lottery",0,4,25.000086563523343,0.26369946591017307,0.382514281396867,1.4196704837040985,34910.71545044166,86369.2918264212,268001.860087746,84.42147633577875,83.69143700073684,31.550955008764525,31.780593452481806,0.22963844371728115,65.19763538127494,34.802364618725065,49240.14498499808,17136.734796467896,30.00160380567874,30.86259901177477,85.32812480613377,84.1822578505874
payroll savings,4,"Tenure-adjusted, current lottery",0.1,1,25.00094498512983,-2.3122049616740523,-0.220993594476635,-0.08660927193350473,40969.73866083081,134271.982501699,989121.7067940723,83.36736112994598,77.19221724056796,29.337511115778952,30.32414258175097,0.9866314659720175,5.388668801434822,94.61133119856518,49241.835731318264,46588.35629201094,30.00160380567874,31.01097772241848,85.32812480613377,83.8646495765305
payroll savings,4,"Tenure-adjusted, current lottery",0.1,2,24.999639318652736,-0.08660850010389473,0.00717233183319047,0.08993908245290386,38766.59590111127,113658.181981571,321634.9440147144,86.54044753410147,83.8800449493074,29.302298900656247,29.93795697110196,0.6356580704457144,16.8953264545118,83.1046735454882,49239.26409195732,40920.12967982192,30.00160380567874,31.01097772241848,85.32812480613377,83.8646495765305
payroll savings,4,"Tenure-adjusted, current lottery",0.1,3,24.99932913269409,0.08994226004090458,0.172232187324,0.2636980127267044,37207.959868935934,100150.944471231,282585.4575735125,86.98335338775439,85.68597596647338,29.8156548561997,30.253774733113378,0.43811987691367804,31.937976436776637,68.06202356322336,49238.65315000968,33512.82370917341,30.00160380567874,31.01097772241848,85.32812480613377,83.8646495765305
payroll savings,4,"Tenure-adjusted, current lottery",0.1,4,25.000086563523343,0.26369946591017307,0.382514281396867,1.4196704837040985,34910.71545044166,86369.2918264212,268001.860087746,84.42147633577875,83.44757638753,31.550955008764525,31.865029200695673,0.31407419193114805,53.87835674147172,46.12164325852828,49240.14498499808,22710.364009962916,30.00160380567874,31.01097772241848,85.32812480613377,83.8646495765305
payroll savings,5,"Tenure-adjusted, weighted lottery + old wage levels",-0.1,1,33.60328368324397,-2.3122049616740523,-0.235621378591166,-0.08660927193350473,40969.73866083081,138788.531016133,989121.7067940723,81.06441159249957,76.53957567974159,29.760537846341258,30.493344459821014,0.732806613479756,12.126038299944023,87.87396170005597,66184.9932531498,58159.37562245749,30.382967255271435,31.169952718312196,83.02614265376482,82.14018176613507
payroll savings,5,"Tenure-adjusted, weighted lottery + old wage levels",-0.1,2,26.71253026347329,-0.08660850010389473,0.00356325911285319,0.08993908245290386,38766.59590111127,122629.482685614,321634.9440147144,84.32090465108374,82.40066968506292,29.906045108449025,30.329846182426355,0.42380107397733013,34.579978492035956,65.42002150796404,52612.97234901255,34419.41782670318,30.382967255271435,31.169952718312196,83.02614265376482,82.14018176613507
payroll savings,5,"Tenure-adjusted, weighted lottery + old wage levels",-0.1,3,22.323341096099508,0.08994226004090458,0.168222652926392,0.2636980127267044,37275.57298183776,104685.151157449,282585.4575735125,84.84406487025367,83.98498359388242,30.483556771157183,30.75222252553616,0.26866575437897566,56.01747405816161,43.98252594183839,43968.029843757125,19338.250132145724,30.382967255271435,31.169952718312196,83.02614265376482,82.14018176613507
payroll savings,5,"Tenure-adjusted, weighted lottery + old wage levels",-0.1,4,17.36084495718323,0.26369946591017307,0.3681395569752435,1.245999571438833,34910.71545044166,91348.1717727989,268001.860087746,82.49345767079797,81.9385942850981,32.19220956375616,32.36758106519881,0.17537150144265468,75.70511530440099,24.29488469559901,34193.902512363864,8307.369188304334,30.382967255271435,31.169952718312196,83.02614265376482,82.14018176613507
payroll savings,5,"Tenure-adjusted, weighted lottery + old wage levels",0,1,33.60328368324397,-2.3122049616740523,-0.235621378591166,-0.08660927193350473,40969.73866083081,138788.531016133,989121.7067940723,81.06441159249957,75.73000114881489,29.760537846341258,30.632725345874736,0.872187499533478,8.313161986587083,91.68683801341291,66184.9932531498,60682.92755320372,30.382967255271435,31.32712019573781,83.02614265376482,81.85384036836734
payroll savings,5,"Tenure-adjusted, weighted lottery + old wage levels",0,2,26.71253026347329,-0.08660850010389473,0.00356325911285319,0.08993908245290386,38766.59590111127,122629.482685614,321634.9440147144,84.32090465108374,81.87335398361522,29.906045108449025,30.440067636431486,0.5340225279824615,25.455680697924272,74.54431930207573,52612.97234901255,39219.98210216073,30.382967255271435,31.32712019573781,83.02614265376482,81.85384036836734
payroll savings,5,"Tenure-adjusted, weighted lottery + old wage levels",0,3,22.323341096099508,0.08994226004090458,0.168222652926392,0.2636980127267044,37275.57298183776,104685.151157449,282585.4575735125,84.84406487025367,83.73725929928386,30.483556771157183,30.838273564932408,0.3547167937752249,44.43698801551958,55.56301198448042,43968.029843757125,24429.9616914267,30.382967255271435,31.32712019573781,83.02614265376482,81.85384036836734
payroll savings,5,"Tenure-adjusted, weighted lottery + old wage levels",0,4,17.36084495718323,0.26369946591017307,0.3681395569752435,1.245999571438833,34910.71545044166,91348.1717727989,268001.860087746,82.49345767079797,81.70555522708737,32.19220956375616,32.43961183882365,0.24740227506749335,66.37702289151025,33.62297710848975,34193.902512363864,11497.008014231404,30.382967255271435,31.32712019573781,83.02614265376482,81.85384036836734
payroll savings,5,"Tenure-adjusted, weighted lottery + old wage levels",0.1,1,33.60328368324397,-2.3122049616740523,-0.235621378591166,-0.08660927193350473,40969.73866083081,138788.531016133,989121.7067940723,81.06441159249957,74.87125701051988,29.760537846341258,30.745122780539045,0.9845849341977875,5.6568626988399355,94.34313730116007,66184.9932531498,62440.99905758265,30.382967255271435,31.483810956232734,83.02614265376482,81.45811889497418
payroll savings,5,"Tenure-adjusted, weighted lottery + old wage levels",0.1,2,26.71253026347329,-0.08660850010389473,0.00356325911285319,0.08993908245290386,38766.59590111127,122629.482685614,321634.9440147144,84.32090465108374,81.32399016666088,29.906045108449025,30.532822567605123,0.6267774591560986,18.228344863422276,81.77165513657772,52612.97234901255,43022.49830633753,30.382967255271435,31.483810956232734,83.02614265376482,81.45811889497418
payroll savings,5,"Tenure-adjusted, weighted lottery + old wage levels",0.1,3,22.323341096099508,0.08994226004090458,0.168222652926392,0.2636980127267044,37275.57298183776,104685.151157449,282585.4575735125,84.84406487025367,83.3026651193688,30.483556771157183,30.948030280144195,0.46447350898701245,33.82995061187936,66.17004938812065,43968.029843757125,29093.667062597713,30.382967255271435,31.483810956232734,83.02614265376482,81.45811889497418
payroll savings,5,"Tenure-adjusted, weighted lottery + old wage levels",0.1,4,17.36084495718323,0.26369946591017307,0.3681395569752435,1.245999571438833,34910.71545044166,91348.1717727989,268001.860087746,82.49345767079797,81.38019329900119,32.19220956375616,32.535725951262975,0.343516387506817,55.193866732422045,44.806133267577955,34193.902512363864,15320.96552907544,30.382967255271435,31.483810956232734,83.02614265376482,81.45811889497418
payroll savings,6,"Tenure-adjusted, weighted lottery + new wage levels",-0.1,1,53.2742372474902,-2.3122049616740523,-0.260273362973262,-0.08660927193350473,42600.65483638601,144655.867976545,989121.7067940723,80.63967866475275,76.5275393628009,29.702815821050386,30.342583280981138,0.6397674599307521,12.000338134356197,87.9996618656438,104928.88332071048,92337.06252162113,30.18509864621598,31.0387128884593,82.73910640484814,82.53023814373641
payroll savings,6,"Tenure-adjusted, weighted lottery + new wage levels",-0.1,2,28.133386462482786,-0.08660499931366103,-0.00564419259545487,0.08993908245290386,42407.61064800436,133290.049778388,295511.2731520856,85.13504593180373,83.78931189545844,30.1066479426547,30.402646705486003,0.295998762831303,36.922804778928075,63.077195221071925,55411.489268715595,34952.01326093105,30.18509864621598,31.0387128884593,82.73910640484814,82.53023814373641
payroll savings,6,"Tenure-adjusted, weighted lottery + new wage levels",-0.1,3,14.130327095502876,0.08994226004090458,0.156410238474878,0.2636466342587372,39558.527356957726,127110.768884438,282585.4575735125,85.58801025583006,85.13397064499355,31.17320684400087,31.35905750301455,0.18585065901368125,59.40317789019498,40.59682210980502,27831.077828474128,11298.533157267027,30.18509864621598,31.0387128884593,82.73910640484814,82.53023814373641
payroll savings,6,"Tenure-adjusted, weighted lottery + new wage levels",-0.1,4,4.462049194524145,0.2639468312070537,0.333110017941418,1.1602956557116868,40470.62209456671,107977.052595116,216983.80196481812,83.67669704915303,83.52087735052572,33.30878486340548,33.44008266621114,0.13129780280566195,78.08665975415343,21.91334024584657,8788.44754038316,1925.842411851896,30.18509864621598,31.0387128884593,82.73910640484814,82.53023814373641
payroll savings,6,"Tenure-adjusted, weighted lottery + new wage levels",0,1,53.2742372474902,-2.3122049616740523,-0.260273362973262,-0.08660927193350473,42600.65483638601,144655.867976545,989121.7067940723,80.63967866475275,75.68293476370243,29.702815821050386,30.453250630446654,0.7504348093962676,8.30905374062837,91.69094625937163,104928.88332071048,96210.2860161514,30.18509864621598,31.18723251410104,82.73910640484814,82.30462043899696
payroll savings,6,"Tenure-adjusted, weighted lottery + new wage levels",0,2,28.133386462482786,-0.08660499931366103,-0.00564419259545487,0.08993908245290386,42407.61064800436,133290.049778388,295511.2731520856,85.13504593180373,83.39076787599434,30.1066479426547,30.47337290902517,0.3667249663704695,27.51643517083508,72.48356482916492,55411.489268715595,40164.22274689523,30.18509864621598,31.18723251410104,82.73910640484814,82.30462043899696
payroll savings,6,"Tenure-adjusted, weighted lottery + new wage levels",0,3,14.130327095502876,0.08994226004090458,0.156410238474878,0.2636466342587372,39558.527356957726,127110.768884438,282585.4575735125,85.58801025583006,84.91895072065394,31.17320684400087,31.423246184927642,0.25003934092677227,47.82630973543868,52.17369026456132,27831.077828474128,14520.500343517091,30.18509864621598,31.18723251410104,82.73910640484814,82.30462043899696
payroll savings,6,"Tenure-adjusted, weighted lottery + new wage levels",0,4,4.462049194524145,0.2639468312070537,0.333110017941418,1.1602956557116868,40470.62209456671,107977.052595116,216983.80196481812,83.67669704915303,83.35951185207665,33.30878486340548,33.51158772743683,0.20280286403135506,69.20312474553084,30.796875254469157,8788.44754038316,2706.567225816265,30.18509864621598,31.18723251410104,82.73910640484814,82.30462043899696
payroll savings,6,"Tenure-adjusted, weighted lottery + new wage levels",0.1,1,53.2742372474902,-2.3122049616740523,-0.260273362973262,-0.08660927193350473,42600.65483638601,144655.867976545,989121.7067940723,80.63967866475275,75.13567880161044,29.702815821050386,30.517047399562642,0.8142315785122562,5.693910504884154,94.30608949511584,104928.88332071048,98954.32661065491,30.18509864621598,31.310133725619494,82.73910640484814,82.17073235033497
payroll savings,6,"Tenure-adjusted, weighted lottery + new wage levels",0.1,2,28.133386462482786,-0.08660499931366103,-0.00564419259545487,0.08993908245290386,42407.61064800436,133290.049778388,295511.2731520856,85.13504593180373,83.02557556120227,30.1066479426547,30.523356441661143,0.41670849900644313,19.977858941949822,80.02214105805018,55411.489268715595,44341.46010497794,30.18509864621598,31.310133725619494,82.73910640484814,82.17073235033497
payroll savings,6,"Tenure-adjusted, weighted lottery + new wage levels",0.1,3,14.130327095502876,0.08994226004090458,0.156410238474878,0.2636466342587372,39558.527356957726,127110.768884438,282585.4575735125,85.58801025583006,84.67691084733467,31.17320684400087,31.490481188763702,0.3172743447628328,37.28563412377737,62.71436587622263,27831.077828474128,17454.08397664554,30.18509864621598,31.310133725619494,82.73910640484814,82.17073235033497
payroll savings,6,"Tenure-adjusted, weighted lottery + new wage levels",0.1,4,4.462049194524145,0.2639468312070537,0.333110017941418,1.1602956557116868,40470.62209456671,107977.052595116,216983.80196481812,83.67669704915303,83.454320253505,33.30878486340548,33.564323237594934,0.2555383741894559,58.432889810557334,41.567110189442666,8788.44754038316,3653.103673052432,30.18509864621598,31.310133725619494,82.73910640484814,82.17073235033497
wage,1,"Borjas headline, current lottery",-0.1,1,24.999660959533575,-0.6770436314866655,0.251989921748387,1.4196704837040985,34910.71545044166,74968.5235634484,85584.51571097215,90.32789553141491,89.20716810261028,29.352292060055124,29.987096832918656,0.6348047728635322,66.09325095452007,33.90674904547993,49239.30671581413,16695.448159865242,30.00160380567874,30.553291993599768,85.32812480613377,84.76864467285662
wage,1,"Borjas headline, current lottery",-0.1,2,25.06156109235087,-0.8740343735999923,0.155604854994345,0.9759465540247425,85586.00581629275,95218.0801562432,104732.14635132498,86.46159098059206,84.8474698976264,29.794914911273022,30.472091196617352,0.6771762853443306,63.54260912665573,36.45739087334427,49361.22515424711,17995.814794355407,30.00160380567874,30.553291993599768,85.32812480613377,84.76864467285662
wage,1,"Borjas headline, current lottery",-0.1,3,24.963383629625845,-0.9867331263550132,0.0349333725441326,0.8945306879791644,104741.09781682509,118982.879427505,135257.0791055256,85.50141926788721,84.16735149125095,30.075528804795255,30.734242616413425,0.6587138116181706,55.83442173249799,44.16557826750201,49167.85492384587,21715.26744884299,30.00160380567874,30.553291993599768,85.32812480613377,84.76864467285662
wage,1,"Borjas headline, current lottery",-0.1,4,24.97539431848971,-2.3122049616740523,-0.0757488937141794,0.7751143966427203,135261.33917100923,156650.646251982,989121.7067940723,79.01290836137866,79.54835707573426,30.785058973176994,31.194013555249025,0.40895458207203106,50.78561092606778,49.21438907393222,49191.51116437622,24209.30169578292,30.00160380567874,30.553291993599768,85.32812480613377,84.76864467285662
wage,1,"Borjas headline, current lottery",0,1,24.999660959533575,-0.6770436314866655,0.251989921748387,1.4196704837040985,34910.71545044166,74968.5235634484,85584.51571097215,90.32789553141491,88.90035226457532,29.352292060055124,30.147687752248036,0.795395692192912,54.969271552301265,45.030728447698735,49239.30671581413,22172.81849672775,30.00160380567874,30.70481157990372,85.32812480613377,84.51260693983251
wage,1,"Borjas headline, current lottery",0,2,25.06156109235087,-0.8740343735999923,0.155604854994345,0.9759465540247425,85586.00581629275,95218.0801562432,104732.14635132498,86.46159098059206,84.48672461032471,29.794914911273022,30.6505144189477,0.855599507674679,53.460294278073484,46.539705721926516,49361.22515424711,22972.568927524175,30.00160380567874,30.70481157990372,85.32812480613377,84.51260693983251
wage,1,"Borjas headline, current lottery",0,3,24.963383629625845,-0.9867331263550132,0.0349333725441326,0.8945306879791644,104741.09781682509,118982.879427505,135257.0791055256,85.50141926788721,83.89455194004536,30.075528804795255,30.89031745390672,0.8147886491114669,46.263659315601664,53.736340684398336,49167.85492384587,26421.006029088538,30.00160380567874,30.70481157990372,85.32812480613377,84.51260693983251
wage,1,"Borjas headline, current lottery",0,4,24.97539431848971,-2.3122049616740523,-0.0757488937141794,0.7751143966427203,135261.33917100923,156650.646251982,989121.7067940723,79.01290836137866,79.49623803455817,30.785058973176994,31.297687539476684,0.5126285662996892,42.15350153599449,57.846498464005514,49191.51116437622,28455.56675012199,30.00160380567874,30.70481157990372,85.32812480613377,84.51260693983251
wage,1,"Borjas headline, current lottery",0.1,1,24.999660959533575,-0.6770436314866655,0.251989921748387,1.4196704837040985,34910.71545044166,74968.5235634484,85584.51571097215,90.32789553141491,88.57485415699182,29.352292060055124,30.29692317277811,0.9446311127229876,43.32801037391334,56.67198962608666,49239.30671581413,27904.894793943175,30.00160380567874,30.861958428371196,85.32812480613377,84.18429170874175
wage,1,"Borjas headline, current lottery",0.1,2,25.06156109235087,-0.8740343735999923,0.155604854994345,0.9759465540247425,85586.00581629275,95218.0801562432,104732.14635132498,86.46159098059206,84.12218802451478,29.794914911273022,30.82989498422088,1.0349800729478567,43.17044226334892,56.82955773665108,49361.22515424711,28051.765948551198,30.00160380567874,30.861958428371196,85.32812480613377,84.18429170874175
wage,1,"Borjas headline, current lottery",0.1,3,24.963383629625845,-0.9867331263550132,0.0349333725441326,0.8945306879791644,104741.09781682509,118982.879427505,135257.0791055256,85.50141926788721,83.58091620352722,30.075528804795255,31.048081192437788,0.9725523876425335,37.244883310259226,62.755116689740774,49167.85492384587,30855.34473130193,30.00160380567874,30.861958428371196,85.32812480613377,84.18429170874175
wage,1,"Borjas headline, current lottery",0.1,4,24.97539431848971,-2.3122049616740523,-0.0757488937141794,0.7751143966427203,135261.33917100923,156650.646251982,989121.7067940723,79.01290836137866,79.35781686219964,30.785058973176994,31.4158744689064,0.6308154957294043,34.24521265349836,65.75478734650164,49191.51116437622,32345.7735586662,30.00160380567874,30.861958428371196,85.32812480613377,84.18429170874175
wage,2,"Borjas headline, weighted lottery + old wage levels",-0.1,1,16.722683310129597,-0.6770436314866655,0.211388300315485,1.245999571438833,34910.71545044166,76087.4567509626,85584.51571097215,90.03257657477506,88.72017985928937,29.49010700407132,30.24429971188099,0.754192707809672,61.345899527620254,38.654100472379746,32936.97998351813,12731.493335396706,30.382967255271435,31.00683204370187,83.02614265376482,82.43944545281828
wage,2,"Borjas headline, weighted lottery + old wage levels",-0.1,2,21.761702056510842,-0.8740343735999923,0.122994995059258,0.968557511392484,85586.00581629275,95851.4733818685,104732.14635132498,85.95110239023704,84.06157103912722,29.954575395544076,30.72028170169227,0.7657063061481928,59.36579551758112,40.63420448241888,42861.8261644894,17416.56208857754,30.382967255271435,31.00683204370187,83.02614265376482,82.43944545281828
wage,2,"Borjas headline, weighted lottery + old wage levels",-0.1,3,27.36604976290099,-0.9867331263550132,-0.00119396287654047,0.8945306879791644,104741.09781682509,120285.317657772,135257.0791055256,84.26891399852629,82.68374213686057,30.366665402581997,31.133511836070646,0.7668464334886487,51.240552942236086,48.759447057763914,53900.14368822283,26281.412025717687,30.382967255271435,31.00683204370187,83.02614265376482,82.43944545281828
wage,2,"Borjas headline, weighted lottery + old wage levels",-0.1,4,34.14956487045857,-2.3122049616740523,-0.10519763925084,0.7751143966427203,135261.33917100923,159752.455636448,989121.7067940723,76.73533862196025,76.99435481833578,31.106246531053273,31.604496253599624,0.49824972254635114,47.76489373152091,52.23510626847909,67260.94812205297,35133.827728740966,30.382967255271435,31.00683204370187,83.02614265376482,82.43944545281828
wage,2,"Borjas headline, weighted lottery + old wage levels",0,1,16.722683310129597,-0.6770436314866655,0.211388300315485,1.245999571438833,34910.71545044166,76087.4567509626,85584.51571097215,90.03257657477506,88.36838723323395,29.49010700407132,30.419250719203145,0.9291437151318256,50.42453021683095,49.57546978316905,32936.97998351813,16328.662559217471,30.382967255271435,31.162547168315754,83.02614265376482,82.16640110344629
wage,2,"Borjas headline, weighted lottery + old wage levels",0,2,21.761702056510842,-0.8740343735999923,0.122994995059258,0.968557511392484,85586.00581629275,95851.4733818685,104732.14635132498,85.95110239023704,83.67087339019508,29.954575395544076,30.913359908828994,0.9587845132849182,49.31102986347416,50.68897013652584,42861.8261644894,21726.218264487652,30.382967255271435,31.162547168315754,83.02614265376482,82.16640110344629
wage,2,"Borjas headline, weighted lottery + old wage levels",0,3,27.36604976290099,-0.9867331263550132,-0.00119396287654047,0.8945306879791644,104741.09781682509,120285.317657772,135257.0791055256,84.26891399852629,82.35133875773685,30.366665402581997,31.29955553208211,0.9328901295001124,41.85890102585737,58.14109897414263,53900.14368822283,31338.135888974728,30.382967255271435,31.162547168315754,83.02614265376482,82.16640110344629
wage,2,"Borjas headline, weighted lottery + old wage levels",0,4,34.14956487045857,-2.3122049616740523,-0.10519763925084,0.7751143966427203,135261.33917100923,159752.455636448,989121.7067940723,76.73533862196025,76.9193150732588,31.106246531053273,31.71084418404156,0.6045976529882857,39.377349861875224,60.622650138124776,67260.94812205297,40775.36925961778,30.382967255271435,31.162547168315754,83.02614265376482,82.16640110344629
wage,2,"Borjas headline, weighted lottery + old wage levels",0.1,1,16.722683310129597,-0.6770436314866655,0.211388300315485,1.245999571438833,34910.71545044166,76087.4567509626,85584.51571097215,90.03257657477506,88.05223386514544,29.49010700407132,30.576678294569255,1.086571290497936,39.21141934140931,60.78858065859069,32936.97998351813,20021.92264378479,30.382967255271435,31.32319368532982,83.02614265376482,81.82633928382378
wage,2,"Borjas headline, weighted lottery + old wage levels",0.1,2,21.761702056510842,-0.8740343735999923,0.122994995059258,0.968557511392484,85586.00581629275,95851.4733818685,104732.14635132498,85.95110239023704,83.24933343194515,29.954575395544076,31.10954525710164,1.1549698615575643,39.381052962751376,60.618947037248624,42861.8261644894,25982.387701849402,30.382967255271435,31.32319368532982,83.02614265376482,81.82633928382378
wage,2,"Borjas headline, weighted lottery + old wage levels",0.1,3,27.36604976290099,-0.9867331263550132,-0.00119396287654047,0.8945306879791644,104741.09781682509,120285.317657772,135257.0791055256,84.26891399852629,82.060089813346,30.366665402581997,31.461562318518464,1.0948969159364665,33.19053811557632,66.80946188442368,53900.14368822283,36010.39595303283,30.382967255271435,31.32319368532982,83.02614265376482,81.82633928382378
wage,2,"Borjas headline, weighted lottery + old wage levels",0.1,4,34.14956487045857,-2.3122049616740523,-0.10519763925084,0.7751143966427203,135261.33917100923,159752.455636448,989121.7067940723,76.73533862196025,76.75510868726846,31.106246531053273,31.826227961248282,0.7199814301950092,31.84198317178329,68.15801682821672,67260.94812205297,45843.72833984698,30.382967255271435,31.32319368532982,83.02614265376482,81.82633928382378
wage,3,"Borjas headline, weighted lottery + new wage levels",-0.1,1,6.12210903344916,-0.6017472064546969,0.0632981232113159,1.1602956557116868,39558.527356957726,77533.1918022225,85582.08277767399,92.722937202757,91.2424817332888,28.94472565937501,30.14301581991499,1.1982901605399796,42.39718656112094,57.60281343887906,12058.099705176312,6945.8046774467375,30.18509864621598,30.891195437079677,82.73910640484814,82.55753154738153
wage,3,"Borjas headline, weighted lottery + new wage levels",-0.1,2,11.62582060514747,-0.8679200068974393,-0.0251026119572519,0.750620693391649,85586.00581629275,95851.4733818685,104732.14635132498,88.7004044871403,85.95335030356479,29.582516348947944,30.738514194704322,1.155997845756378,39.40044018535288,60.59955981464712,22898.20440071154,13876.21107228935,30.18509864621598,30.891195437079677,82.73910640484814,82.55753154738153
wage,3,"Borjas headline, weighted lottery + new wage levels",-0.1,3,31.300416676254944,-0.9660702353373396,-0.0698350251811974,0.7851951043175567,104758.44128123156,123648.40066261,135257.0791055256,87.10480765014071,86.52639441503712,29.754214464998338,30.51250923724105,0.7582947722427136,42.061700541463615,57.938299458536385,61649.26874606924,35718.53794009548,30.18509864621598,30.891195437079677,82.73910640484814,82.55753154738153
wage,3,"Borjas headline, weighted lottery + new wage levels",-0.1,4,50.95165368514842,-2.3122049616740523,-0.172341052868648,0.6533173324465742,135261.33917100923,161244.828518227,989121.7067940723,77.49736582255193,78.14465540875041,30.736328385300332,31.263831993502787,0.5275036082024549,40.18188288103978,59.81811711896022,100354.32510632624,60030.067726044326,30.18509864621598,30.891195437079677,82.73910640484814,82.55753154738153
wage,3,"Borjas headline, weighted lottery + new wage levels",0,1,6.12210903344916,-0.6017472064546969,0.0632981232113159,1.1602956557116868,39558.527356957726,77533.1918022225,85582.08277767399,92.722937202757,90.96988219722893,28.94472565937501,30.392375774728677,1.4476501153536674,32.6518969478435,67.3481030521565,12058.099705176312,8120.901415573922,30.18509864621598,31.035776654947906,82.73910640484814,82.42730308186026
wage,3,"Borjas headline, weighted lottery + new wage levels",0,2,11.62582060514747,-0.8679200068974393,-0.0251026119572519,0.750620693391649,85586.00581629275,95851.4733818685,104732.14635132498,88.7004044871403,85.25673154873847,29.582516348947944,31.003528903905007,1.4210125549570627,30.065965296336845,69.93403470366316,22898.20440071154,16013.638212109334,30.18509864621598,31.035776654947906,82.73910640484814,82.42730308186026
wage,3,"Borjas headline, weighted lottery + new wage levels",0,3,31.300416676254944,-0.9660702353373396,-0.0698350251811974,0.7851951043175567,104758.44128123156,123648.40066261,135257.0791055256,87.10480765014071,86.55668334466223,29.754214464998338,30.64307381574582,0.8888593507474809,33.06077419754265,66.93922580245734,61649.26874606924,41267.54321149505,30.18509864621598,31.035776654947906,82.73910640484814,82.42730308186026
wage,3,"Borjas headline, weighted lottery + new wage levels",0,4,50.95165368514842,-2.3122049616740523,-0.172341052868648,0.6533173324465742,135261.33917100923,161244.828518227,989121.7067940723,77.49736582255193,78.20215136698863,30.736328385300332,31.367040640907053,0.6307122556067206,32.37195219449286,67.62804780550714,100354.32510632624,67867.67095780036,30.18509864621598,31.035776654947906,82.73910640484814,82.42730308186026
wage,3,"Borjas headline, weighted lottery + new wage levels",0.1,1,6.12210903344916,-0.6017472064546969,0.0632981232113159,1.1602956557116868,39558.527356957726,77533.1918022225,85582.08277767399,92.722937202757,90.84942254371974,28.94472565937501,30.627052920652588,1.6823272612775781,23.94576098167018,76.05423901832982,12058.099705176312,9170.695970843315,30.18509864621598,31.185615771339698,82.73910640484814,82.20103727459393
wage,3,"Borjas headline, weighted lottery + new wage levels",0.1,2,11.62582060514747,-0.8679200068974393,-0.0251026119572519,0.750620693391649,85586.00581629275,95851.4733818685,104732.14635132498,88.7004044871403,84.79101348744501,29.582516348947944,31.2260529295543,1.643536580606355,22.23818069685133,77.76181930314867,22898.20440071154,17806.060329746942,30.18509864621598,31.185615771339698,82.73910640484814,82.20103727459393
wage,3,"Borjas headline, weighted lottery + new wage levels",0.1,3,31.300416676254944,-0.9660702353373396,-0.0698350251811974,0.7851951043175567,104758.44128123156,123648.40066261,135257.0791055256,87.10480765014071,86.45651685715964,29.754214464998338,30.794380643451035,1.0401661784526972,25.264263142552746,74.73573685744725,61649.26874606924,46074.035264602775,30.18509864621598,31.185615771339698,82.73910640484814,82.20103727459393
wage,3,"Borjas headline, weighted lottery + new wage levels",0.1,4,50.95165368514842,-2.3122049616740523,-0.172341052868648,0.6533173324465742,135261.33917100923,161244.828518227,989121.7067940723,77.49736582255193,78.11630172800345,30.736328385300332,31.479125852599672,0.74279746729934,25.468510545980326,74.53148945401968,100354.32510632624,74795.57323327416,30.18509864621598,31.185615771339698,82.73910640484814,82.20103727459393
wage,4,"Tenure-adjusted, current lottery",-0.1,1,24.999660959533575,-0.6770436314866655,0.251989921748387,1.4196704837040985,34910.71545044166,74968.5235634484,85584.51571097215,90.32789553141491,88.91150962964706,29.352292060055124,30.128520137200898,0.7762280771457739,47.52973295367979,52.47026704632021,49239.30671581413,25835.995725544355,30.00160380567874,30.714370988448113,85.32812480613377,84.46069446448521
wage,4,"Tenure-adjusted, current lottery",-0.1,2,25.06156109235087,-0.8740343735999923,0.155604854994345,0.9759465540247425,85586.00581629275,95218.0801562432,104732.14635132498,86.46159098059206,84.46802181329154,29.794914911273022,30.6547747097274,0.8598597984543765,47.15179680369306,52.84820319630694,49361.22515424711,26086.52056970309,30.00160380567874,30.714370988448113,85.32812480613377,84.46069446448521
wage,4,"Tenure-adjusted, current lottery",-0.1,3,24.963383629625845,-0.9867331263550132,0.0349333725441326,0.8945306879791644,104741.09781682509,118982.879427505,135257.0791055256,85.50141926788721,83.85208833518081,30.075528804795255,30.90360141376038,0.828072608965126,41.20960201260654,58.79039798739346,49167.85492384587,28905.97759159322,30.00160380567874,30.714370988448113,85.32812480613377,84.46069446448521
wage,4,"Tenure-adjusted, current lottery",-0.1,4,24.97539431848971,-2.3122049616740523,-0.0757488937141794,0.7751143966427203,135261.33917100923,156650.646251982,989121.7067940723,79.01290836137866,79.48794728053679,30.785058973176994,31.32321079701792,0.5381518238409271,37.61392324995406,62.38607675004594,49191.51116437622,30688.653909515167,30.00160380567874,30.714370988448113,85.32812480613377,84.46069446448521
wage,4,"Tenure-adjusted, current lottery",0,1,24.999660959533575,-0.6770436314866655,0.251989921748387,1.4196704837040985,34910.71545044166,74968.5235634484,85584.51571097215,90.32789553141491,88.60520070119112,29.352292060055124,30.26911345330217,0.9168213932470479,37.9094019649032,62.0905980350968,49239.30671581413,30572.98000818457,30.00160380567874,30.85948458506593,85.32812480613377,84.19437253995693
wage,4,"Tenure-adjusted, current lottery",0,2,25.06156109235087,-0.8740343735999923,0.155604854994345,0.9759465540247425,85586.00581629275,95218.0801562432,104732.14635132498,86.46159098059206,84.12817688584593,29.794914911273022,30.827363906799363,1.032448995526341,38.25400459444296,61.74599540555704,49361.22515424711,30478.57981586809,30.00160380567874,30.85948458506593,85.32812480613377,84.19437253995693
wage,4,"Tenure-adjusted, current lottery",0,3,24.963383629625845,-0.9867331263550132,0.0349333725441326,0.8945306879791644,104741.09781682509,118982.879427505,135257.0791055256,85.50141926788721,83.5768567821462,30.075528804795255,31.053629018181272,0.9781002133860177,33.084357942742095,66.91564205725791,49167.85492384587,32900.98580807257,30.00160380567874,30.85948458506593,85.32812480613377,84.19437253995693
wage,4,"Tenure-adjusted, current lottery",0,4,24.97539431848971,-2.3122049616740523,-0.0757488937141794,0.7751143966427203,135261.33917100923,156650.646251982,989121.7067940723,79.01290836137866,79.42934891168352,30.785058973176994,31.42761203656169,0.6425530633846961,30.306310748033354,69.69368925196665,49191.51116437622,34283.37892924684,30.00160380567874,30.85948458506593,85.32812480613377,84.19437253995693
wage,4,"Tenure-adjusted, current lottery",0.1,1,24.999660959533575,-0.6770436314866655,0.251989921748387,1.4196704837040985,34910.71545044166,74968.5235634484,85584.51571097215,90.32789553141491,88.29383129678,29.352292060055124,30.408165524735658,1.0558734646805341,28.536495099283947,71.46350490071606,49239.30671581413,35188.13436793444,30.00160380567874,31.010060405888495,85.32812480613377,83.85430424598523
wage,4,"Tenure-adjusted, current lottery",0.1,2,25.06156109235087,-0.8740343735999923,0.155604854994345,0.9759465540247425,85586.00581629275,95218.0801562432,104732.14635132498,86.46159098059206,83.81617340293407,29.794914911273022,30.986391165326733,1.1914762540537112,29.737747456462603,70.2622525435374,49361.22515424711,34682.308676461216,30.00160380567874,31.010060405888495,85.32812480613377,83.85430424598523
wage,4,"Tenure-adjusted, current lottery",0.1,3,24.963383629625845,-0.9867331263550132,0.0349333725441326,0.8945306879791644,104741.09781682509,118982.879427505,135257.0791055256,85.50141926788721,83.23700419922187,30.075528804795255,31.20481614068689,1.129287335891636,25.78973307129686,74.21026692870313,49167.85492384587,36487.59638210353,30.00160380567874,31.010060405888495,85.32812480613377,83.85430424598523
wage,4,"Tenure-adjusted, current lottery",0.1,4,24.97539431848971,-2.3122049616740523,-0.0757488937141794,0.7751143966427203,135261.33917100923,156650.646251982,989121.7067940723,79.01290836137866,79.27944176998811,30.785058973176994,31.546927538801988,0.7618685656249937,23.990073224017202,76.00992677598279,49191.51116437622,37390.431616041766,30.00160380567874,31.010060405888495,85.32812480613377,83.85430424598523
wage,5,"Tenure-adjusted, weighted lottery + old wage levels",-0.1,1,16.722683310129597,-0.6770436314866655,0.211388300315485,1.245999571438833,34910.71545044166,76087.4567509626,85584.51571097215,90.03257657477506,88.38917387735958,29.49010700407132,30.391833580567713,0.9017265764963938,43.72776214575293,56.27223785424707,32936.97998351813,18534.37571833107,30.382967255271435,31.17041061877095,83.02614265376482,82.14525466254004
wage,5,"Tenure-adjusted, weighted lottery + old wage levels",-0.1,2,21.761702056510842,-0.8740343735999923,0.122994995059258,0.968557511392484,85586.00581629275,95851.4733818685,104732.14635132498,85.95110239023704,83.66913966472937,29.954575395544076,30.913593703320576,0.9590183077764998,43.57194307145872,56.42805692854128,42861.8261644894,24186.09566871048,30.382967255271435,31.17041061877095,83.02614265376482,82.14525466254004
wage,5,"Tenure-adjusted, weighted lottery + old wage levels",-0.1,3,27.36604976290099,-0.9867331263550132,-0.00119396287654047,0.8945306879791644,104741.09781682509,120285.317657772,135257.0791055256,84.26891399852629,82.40932598009917,30.366665402581997,31.30404345998732,0.9373780574053221,37.236442560256016,62.763557439743984,53900.14368822283,33829.64764386228,30.382967255271435,31.17041061877095,83.02614265376482,82.14525466254004
wage,5,"Tenure-adjusted, weighted lottery + old wage levels",-0.1,4,34.14956487045857,-2.3122049616740523,-0.10519763925084,0.7751143966427203,135261.33917100923,159752.455636448,989121.7067940723,76.73533862196025,76.89705047338319,31.106246531053273,31.735904598891764,0.6296580678384913,35.04023809373068,64.95976190626932,67260.94812205297,43692.55175598494,30.382967255271435,31.17041061877095,83.02614265376482,82.14525466254004
wage,5,"Tenure-adjusted, weighted lottery + old wage levels",0,1,16.722683310129597,-0.6770436314866655,0.211388300315485,1.245999571438833,34910.71545044166,76087.4567509626,85584.51571097215,90.03257657477506,88.08352392019967,29.49010700407132,30.558167355254408,1.0680603511830888,34.416665984306874,65.58333401569313,32936.97998351813,21601.16959727268,30.382967255271435,31.327164232622707,83.02614265376482,81.85481153656274
wage,5,"Tenure-adjusted, weighted lottery + old wage levels",0,2,21.761702056510842,-0.8740343735999923,0.122994995059258,0.968557511392484,85586.00581629275,95851.4733818685,104732.14635132498,85.95110239023704,83.31903975669655,29.954575395544076,31.09936178506224,1.1447863895181634,34.89422816124784,65.10577183875216,42861.8261644894,27905.522748575047,30.382967255271435,31.327164232622707,83.02614265376482,81.85481153656274
wage,5,"Tenure-adjusted, weighted lottery + old wage levels",0,3,27.36604976290099,-0.9867331263550132,-0.00119396287654047,0.8945306879791644,104741.09781682509,120285.317657772,135257.0791055256,84.26891399852629,81.99863725095804,30.366665402581997,31.478533625347453,1.1118682227654553,29.437844693504232,70.56215530649577,53900.14368822283,38033.10309970817,30.382967255271435,31.327164232622707,83.02614265376482,81.85481153656274
wage,5,"Tenure-adjusted, weighted lottery + old wage levels",0,4,34.14956487045857,-2.3122049616740523,-0.10519763925084,0.7751143966427203,135261.33917100923,159752.455636448,989121.7067940723,76.73533862196025,76.84435449099924,31.106246531053273,31.8411245236891,0.7348779926358269,28.126162453281346,71.87383754671865,67260.94812205297,48343.024585627056,30.382967255271435,31.327164232622707,83.02614265376482,81.85481153656274
wage,5,"Tenure-adjusted, weighted lottery + old wage levels",0.1,1,16.722683310129597,-0.6770436314866655,0.211388300315485,1.245999571438833,34910.71545044166,76087.4567509626,85584.51571097215,90.03257657477506,87.79755468728165,29.49010700407132,30.701882232946428,1.2117752288751085,25.64659350907762,74.35340649092238,32936.97998351813,24489.76661297898,30.382967255271435,31.482185656912357,83.02614265376482,81.48776434673768
wage,5,"Tenure-adjusted, weighted lottery + old wage levels",0.1,2,21.761702056510842,-0.8740343735999923,0.122994995059258,0.968557511392484,85586.00581629275,95851.4733818685,104732.14635132498,85.95110239023704,82.89925339123117,29.954575395544076,31.280071019735047,1.325495624190971,26.868380152836092,73.1316198471639,42861.8261644894,31345.54777016662,30.382967255271435,31.482185656912357,83.02614265376482,81.48776434673768
wage,5,"Tenure-adjusted, weighted lottery + old wage levels",0.1,3,27.36604976290099,-0.9867331263550132,-0.00119396287654047,0.8945306879791644,104741.09781682509,120285.317657772,135257.0791055256,84.26891399852629,81.6837392677947,30.366665402581997,31.635699350227224,1.2690339476452266,22.6442533920922,77.3557466079078,53900.14368822283,41694.85857275987,30.382967255271435,31.482185656912357,83.02614265376482,81.48776434673768
wage,5,"Tenure-adjusted, weighted lottery + old wage levels",0.1,4,34.14956487045857,-2.3122049616740523,-0.10519763925084,0.7751143966427203,135261.33917100923,159752.455636448,989121.7067940723,76.73533862196025,76.65177262629967,31.106246531053273,31.955760512179108,0.8495139811258348,22.119993373388464,77.88000662661153,67260.94812205297,52382.830854576605,30.382967255271435,31.482185656912357,83.02614265376482,81.48776434673768
wage,6,"Tenure-adjusted, weighted lottery + new wage levels",-0.1,1,6.12210903344916,-0.6017472064546969,0.0632981232113159,1.1602956557116868,39558.527356957726,77533.1918022225,85582.08277767399,92.722937202757,91.12385311901568,28.94472565937501,30.357901328082356,1.4131756687073462,28.625748795201396,71.37425120479861,12058.099705176312,8606.378374097621,30.18509864621598,31.033896560317757,82.73910640484814,82.51838652414096
wage,6,"Tenure-adjusted, weighted lottery + new wage levels",-0.1,2,11.62582060514747,-0.8679200068974393,-0.0251026119572519,0.750620693391649,85586.00581629275,95851.4733818685,104732.14635132498,88.7004044871403,85.56577009885699,29.582516348947944,30.950705684413748,1.3681893354658037,26.77011809579899,73.22988190420101,22898.20440071154,16768.32804082362,30.18509864621598,31.033896560317757,82.73910640484814,82.51838652414096
wage,6,"Tenure-adjusted, weighted lottery + new wage levels",-0.1,3,31.300416676254944,-0.9660702353373396,-0.0698350251811974,0.7851951043175567,104758.44128123156,123648.40066261,135257.0791055256,87.10480765014071,86.574456889411593,29.754214464998338,30.646662679045274,0.8924482140469365,29.381155569542866,70.61884443045713,61649.26874606924,43536.00118830106,30.18509864621598,31.033896560317757,82.73910640484814,82.51838652414096
wage,6,"Tenure-adjusted, weighted lottery + new wage levels",-0.1,4,50.95165368514842,-2.3122049616740523,-0.172341052868648,0.6533173324465742,135261.33917100923,161244.828518227,989121.7067940723,77.49736582255193,78.28411292291995,30.736328385300332,31.376653191830336,0.6403248065300033,28.661839441080545,71.33816055891945,100354.32510632624,71590.92957217102,30.18509864621598,31.033896560317757,82.73910640484814,82.51838652414096
wage,6,"Tenure-adjusted, weighted lottery + new wage levels",0,1,6.12210903344916,-0.6017472064546969,0.0632981232113159,1.1602956557116868,39558.527356957726,77533.1918022225,85582.08277767399,92.722937202757,90.72629212921451,28.94472565937501,30.584368783517377,1.639643124142367,21.392997792191686,78.6070022078083,12058.099705176312,9478.51070146767,30.18509864621598,31.17797016720314,82.73910640484814,82.32788893414015
wage,6,"Tenure-adjusted, weighted lottery + new wage levels",0,2,11.62582060514747,-0.8679200068974393,-0.0251026119572519,0.750620693391649,85586.00581629275,95851.4733818685,104732.14635132498,88.7004044871403,84.96137361198129,29.582516348947944,31.202807559758977,1.6202912108110326,19.823653607880832,80.17634639211917,22898.20440071154,18358.94367788996,30.18509864621598,31.17797016720314,82.73910640484814,82.32788893414015
wage,6,"Tenure-adjusted, weighted lottery + new wage levels",0,3,31.300416676254944,-0.9660702353373396,-0.0698350251811974,0.7851951043175567,104758.44128123156,123648.40066261,135257.0791055256,87.10480765014071,86.52291553715776,29.754214464998338,30.795027351209978,1.04081288621164,22.40306382254232,77.59693617745768,61649.26874606924,47837.94372275671,30.18509864621598,31.17797016720314,82.73910640484814,82.32788893414015
wage,6,"Tenure-adjusted, weighted lottery + new wage levels",0,4,50.95165368514842,-2.3122049616740523,-0.172341052868648,0.6533173324465742,135261.33917100923,161244.828518227,989121.7067940723,77.49736582255193,78.25314454178712,30.736328385300332,31.476706569005838,0.7403781837055057,22.38732479293044,77.61267520706956,100354.32510632624,77887.67640101965,30.18509864621598,31.17797016720314,82.73910640484814,82.32788893414015
wage,6,"Tenure-adjusted, weighted lottery + new wage levels",0.1,1,6.12210903344916,-0.6017472064546969,0.0632981232113159,1.1602956557116868,39558.527356957726,77533.1918022225,85582.08277767399,92.722937202757,90.76831753450861,28.94472565937501,30.774050232267186,1.829324572892176,15.10110812457631,84.89889187542369,12058.099705176312,10237.193030928418,30.18509864621598,31.321807931877053,82.73910640484814,82.17646270199418
wage,6,"Tenure-adjusted, weighted lottery + new wage levels",0.1,2,11.62582060514747,-0.8679200068974393,-0.0251026119572519,0.750620693391649,85586.00581629275,95851.4733818685,104732.14635132498,88.7004044871403,84.51949062459775,29.582516348947944,31.434803452050335,1.852287103102391,14.24659339041343,85.75340660958656,22898.20440071154,19635.99032603641,30.18509864621598,31.321807931877053,82.73910640484814,82.17646270199418
wage,6,"Tenure-adjusted, weighted lottery + new wage levels",0.1,3,31.300416676254944,-0.9660702353373396,-0.0698350251811974,0.7851951043175567,104758.44128123156,123648.40066261,135257.0791055256,87.10480765014071,86.59419563464397,29.754214464998338,30.925985903259228,1.1717714382608904,16.582952279487067,83.41704772051293,61649.26874606924,51425.999929255835,30.18509864621598,31.321807931877053,82.73910640484814,82.17646270199418
wage,6,"Tenure-adjusted, weighted lottery + new wage levels",0.1,4,50.95165368514842,-2.3122049616740523,-0.172341052868648,0.6533173324465742,135261.33917100923,161244.828518227,989121.7067940723,77.49736582255193,78.20916024370108,30.736328385300332,31.592702377391365,0.8563739920910329,17.19241024106705,82.80758975893295,100354.32510632624,83100.99783939248,30.18509864621598,31.321807931877053,82.73910640484814,82.17646270199418
