age,alloc_method,coef_borjas,se_borjas,mean_resid_borjas,sum_weight_borjas,coef_tenure,se_tenure,mean_resid_tenure,sum_weight_tenure
21,0. observed FY2022-24 allocation,-0.16678504698168892,0.002927362248296427,0.30966461633899867,8,-0.1307850469816889,0.002927362248296427,0.34566461633899864,8
22,0. observed FY2022-24 allocation,-0.16678504698168892,0.002927362248296427,0.35714078561887896,115,-0.1307850469816889,0.002927362248296427,0.39314078561887894,115
23,0. observed FY2022-24 allocation,-0.16678504698168892,0.002927362248296427,0.27657276822238724,1153,-0.1307850469816889,0.002927362248296427,0.3125727682223872,1153
24,0. observed FY2022-24 allocation,-0.16678504698168892,0.0029273622482964274,0.20703795191535185,3706,-0.1307850469816889,0.0029273622482964274,0.24303795191535185,3706
25,0. observed FY2022-24 allocation,-0.16678504698168892,0.002927362248296427,0.13853171019154334,9085,-0.1307850469816889,0.002927362248296427,0.17453171019154334,9085
26,0. observed FY2022-24 allocation,-0.16678504698168892,0.002927362248296427,0.10830301642006017,16684,-0.1307850469816889,0.002927362248296427,0.14430301642006016,16684
27,0. observed FY2022-24 allocation,-0.16678504698168892,0.002927362248296427,0.08696388257281383,21239,-0.1307850469816889,0.002927362248296427,0.12296388257281382,21239
28,0. observed FY2022-24 allocation,-0.16678504698168892,0.0029273622482964274,0.06289552477753683,22737,-0.1307850469816889,0.0029273622482964274,0.09889552477753681,22737
29,0. observed FY2022-24 allocation,-0.16678504698168892,0.0029273622482964274,0.0517324876618542,22301,-0.1307850469816889,0.0029273622482964274,0.0877324876618542,22301
30,0. observed FY2022-24 allocation,-0.16678504698168892,0.002927362248296427,0.03807876075972557,20458,-0.1307850469816889,0.002927362248296427,0.07407876075972557,20458
31,0. observed FY2022-24 allocation,-0.16678504698168892,0.002927362248296427,0.02743616174841359,17983,-0.1307850469816889,0.002927362248296427,0.06343616174841359,17983
32,0. observed FY2022-24 allocation,-0.16678504698168892,0.002927362248296427,0.019526928876272893,16002,-0.1307850469816889,0.002927362248296427,0.05552692887627289,16002
33,0. observed FY2022-24 allocation,-0.16678504698168892,0.002927362248296427,-0.003972972673802302,14503,-0.1307850469816889,0.002927362248296427,0.03202702732619769,14503
34,0. observed FY2022-24 allocation,-0.16678504698168892,0.002927362248296427,-0.023829345651627483,12687,-0.1307850469816889,0.002927362248296427,0.012170654348372514,12687
35,0. observed FY2022-24 allocation,-0.16678504698168892,0.002927362248296427,-0.07576781121353142,11220,-0.1307850469816889,0.002927362248296427,-0.03976781121353142,11220
36,0. observed FY2022-24 allocation,-0.16678504698168892,0.002927362248296427,-0.10237058238652208,9543,-0.1307850469816889,0.002927362248296427,-0.06637058238652208,9543
37,0. observed FY2022-24 allocation,-0.16678504698168892,0.002927362248296427,-0.11867857363198835,8535,-0.1307850469816889,0.002927362248296427,-0.08267857363198836,8535
38,0. observed FY2022-24 allocation,-0.16678504698168892,0.002927362248296427,-0.12866132216405268,7563,-0.1307850469816889,0.002927362248296427,-0.09266132216405268,7563
39,0. observed FY2022-24 allocation,-0.16678504698168894,0.002927362248296427,-0.1498281668502382,6752,-0.1307850469816889,0.002927362248296427,-0.1138281668502382,6752
40,0. observed FY2022-24 allocation,-0.16678504698168892,0.0029273622482964274,-0.16582176345425947,6152,-0.1307850469816889,0.0029273622482964274,-0.12982176345425947,6152
41,0. observed FY2022-24 allocation,-0.16678504698168892,0.002927362248296427,-0.1784009506694785,5122,-0.1307850469816889,0.002927362248296427,-0.1424009506694785,5122
42,0. observed FY2022-24 allocation,-0.16678504698168892,0.002927362248296427,-0.1592205974053339,4168,-0.1307850469816889,0.002927362248296427,-0.12322059740533389,4168
43,0. observed FY2022-24 allocation,-0.16678504698168892,0.002927362248296427,-0.17680613278314414,3463,-0.1307850469816889,0.002927362248296427,-0.14080613278314413,3463
44,0. observed FY2022-24 allocation,-0.16678504698168892,0.0029273622482964274,-0.16955943456696876,2853,-0.1307850469816889,0.0029273622482964274,-0.13355943456696875,2853
45,0. observed FY2022-24 allocation,-0.16678504698168892,0.002927362248296427,-0.18317499929923975,2283,-0.1307850469816889,0.002927362248296427,-0.14717499929923974,2283
46,0. observed FY2022-24 allocation,-0.16678504698168894,0.002927362248296427,-0.18078232015787354,1718,-0.1307850469816889,0.002927362248296427,-0.14478232015787354,1718
47,0. observed FY2022-24 allocation,-0.16678504698168892,0.002927362248296427,-0.16229115856439397,1375,-0.1307850469816889,0.002927362248296427,-0.12629115856439396,1375
48,0. observed FY2022-24 allocation,-0.16678504698168892,0.002927362248296427,-0.1702188873444176,1080,-0.1307850469816889,0.002927362248296427,-0.1342188873444176,1080
49,0. observed FY2022-24 allocation,-0.16678504698168894,0.002927362248296427,-0.14703639536980406,830,-0.1307850469816889,0.002927362248296427,-0.11103639536980406,830
50,0. observed FY2022-24 allocation,-0.16678504698168892,0.002927362248296427,-0.11625799902446678,644,-0.1307850469816889,0.002927362248296427,-0.08025799902446679,644
21,1. old unweighted lottery,-0.166819522509031,0.002928288681164122,0.38660804654774705,7,-0.1308195225090311,0.002928288681164122,0.42260804654774703,7
22,1. old unweighted lottery,-0.16680385275213605,0.0029283316143761304,0.3581275485882208,115,-0.13080385275213607,0.0029283316143761304,0.39412754858822074,115
23,1. old unweighted lottery,-0.16681890847463318,0.0029283167835656375,0.27886608421732567,1168,-0.1308189084746332,0.0029283167835656375,0.3148660842173258,1168
24,1. old unweighted lottery,-0.1668195904127185,0.0029283038445309475,0.2085025920403274,3744,-0.13081959041271848,0.0029283038445309475,0.24450259204032743,3744
25,1. old unweighted lottery,-0.16682025286352298,0.0029283132972618754,0.14028236551984555,9176,-0.130820252863523,0.0029283132972618754,0.17628236551984552,9176
26,1. old unweighted lottery,-0.16681889963183094,0.0029283110493803157,0.10878282768607887,16822,-0.13081889963183096,0.0029283110493803157,0.14478282768607884,16822
27,1. old unweighted lottery,-0.16681903183734345,0.0029283125476020134,0.08711635297078389,21458,-0.13081903183734347,0.0029283125476020134,0.12311635297078383,21458
28,1. old unweighted lottery,-0.1668192158502132,0.002928309770930389,0.06275726539021835,23001,-0.13081921585021317,0.002928309770930389,0.0987572653902184,23001
29,1. old unweighted lottery,-0.16681941289040517,0.002928316395044891,0.05124923895515038,22591,-0.13081941289040516,0.002928316395044891,0.08724923895515038,22591
30,1. old unweighted lottery,-0.16681861484690075,0.0029283096145330772,0.03745205098953833,20743,-0.13081861484690077,0.0029283096145330772,0.07345205098953829,20743
31,1. old unweighted lottery,-0.16681885044219025,0.002928309352361807,0.02664937223002834,18189,-0.13081885044219024,0.002928309352361807,0.06264937223002837,18189
32,1. old unweighted lottery,-0.1668190202092567,0.0029283173884925395,0.019038424902362152,16215,-0.13081902020925668,0.0029283173884925395,0.055038424902362174,16215
33,1. old unweighted lottery,-0.1668189531985261,0.002928307930847535,-0.004184792668962447,14680,-0.1308189531985261,0.002928307930847535,0.03181520733103755,14680
34,1. old unweighted lottery,-0.16681893879322662,0.002928306565134107,-0.02406136396551408,12850,-0.13081893879322654,0.002928306565134107,0.011938636034485911,12850
35,1. old unweighted lottery,-0.16681986674208246,0.0029283113201372456,-0.07608303540496249,11366,-0.13081986674208237,0.0029283113201372456,-0.040083035404962504,11366
36,1. old unweighted lottery,-0.16682052589961638,0.0029283138398271645,-0.10208687085505529,9646,-0.13082052589961632,0.0029283138398271645,-0.06608687085505523,9646
37,1. old unweighted lottery,-0.16681983269966516,0.002928316175223003,-0.11754898243593433,8638,-0.1308198326996651,0.002928316175223003,-0.08154898243593432,8638
38,1. old unweighted lottery,-0.16682020297719033,0.002928310366069195,-0.12816150510016594,7664,-0.13082020297719021,0.002928310366069195,-0.09216150510016596,7664
39,1. old unweighted lottery,-0.1668204541703498,0.002928308401135129,-0.14892368970619257,6865,-0.1308204541703498,0.002928308401135129,-0.11292368970619251,6865
40,1. old unweighted lottery,-0.16681898184945926,0.002928313263746102,-0.16500365111353751,6235,-0.1308189818494592,0.002928313263746102,-0.12900365111353748,6235
41,1. old unweighted lottery,-0.16681998079099358,0.002928315419367363,-0.17845835431960916,5191,-0.13081998079099366,0.002928315419367363,-0.14245835431960907,5191
42,1. old unweighted lottery,-0.1668201485735836,0.0029283084744951915,-0.15860595986711998,4231,-0.13082014857358362,0.0029283084744951915,-0.12260595986711995,4231
43,1. old unweighted lottery,-0.16682032356096116,0.0029283193432452564,-0.17604648365314657,3516,-0.13082032356096124,0.0029283193432452564,-0.1400464836531466,3516
44,1. old unweighted lottery,-0.16681851202318637,0.0029283068986567565,-0.16846455173618619,2886,-0.13081851202318637,0.0029283068986567565,-0.13246455173618613,2886
45,1. old unweighted lottery,-0.1668229031771434,0.0029283128877582564,-0.18233346001409725,2310,-0.13082290317714343,0.0029283128877582564,-0.14633346001409722,2310
46,1. old unweighted lottery,-0.1668208047117317,0.002928318862430319,-0.17919089264912125,1737,-0.13082080471173177,0.002928318862430319,-0.14319089264912116,1737
47,1. old unweighted lottery,-0.1668203788899148,0.0029283141866699148,-0.16098954311215471,1383,-0.13082037888991477,0.0029283141866699148,-0.1249895431121547,1383
48,1. old unweighted lottery,-0.1668207216650253,0.0029283136805148082,-0.16887627409104378,1088,-0.1308207216650253,0.0029283136805148082,-0.13287627409104386,1088
49,1. old unweighted lottery,-0.16681993142058352,0.002928310641512605,-0.1475301517334267,834,-0.13081993142058357,0.002928310641512605,-0.11153015173342673,834
50,1. old unweighted lottery,-0.1668205889849023,0.0029283078122031296,-0.11580974851371237,648,-0.1308205889849022,0.0029283078122031296,-0.07980974851371242,648
21,"2a. weighted lottery, old wage levels",-0.09266529524513822,0.002998806015610011,0.3687064660689832,8,-0.056665295245138275,0.002998806015610011,0.40470646606898325,8
22,"2a. weighted lottery, old wage levels",-0.09266821872901815,0.0029987156271218188,0.35308932222469575,109,-0.05666821872901814,0.0029987156271218188,0.38908932222469583,109
23,"2a. weighted lottery, old wage levels",-0.0926577022656441,0.0029986814530118524,0.279983200878305,1037,-0.056657702265644136,0.0029986814530118524,0.315983200878305,1037
24,"2a. weighted lottery, old wage levels",-0.09265079720376168,0.0029986930393133436,0.20679526599199036,3222,-0.05665079720376171,0.0029986930393133436,0.24279526599199033,3222
25,"2a. weighted lottery, old wage levels",-0.09265322982672274,0.002998685432768445,0.1332537251103778,8196,-0.05665322982672269,0.002998685432768445,0.1692537251103779,8196
26,"2a. weighted lottery, old wage levels",-0.09265407092013347,0.0029986948678264575,0.09851504388456912,15243,-0.05665407092013351,0.0029986948678264575,0.1345150438845691,15243
27,"2a. weighted lottery, old wage levels",-0.09265311417974038,0.002998688443904391,0.07878270204016234,19720,-0.05665311417974042,0.002998688443904391,0.11478270204016233,19720
28,"2a. weighted lottery, old wage levels",-0.09265362549595212,0.0029986928391387744,0.05993691633243055,21620,-0.05665362549595214,0.0029986928391387744,0.0959369163324305,21620
29,"2a. weighted lottery, old wage levels",-0.0926532795786046,0.002998686214716687,0.05006015487478794,21976,-0.05665327957860462,0.002998686214716687,0.08606015487478796,21976
30,"2a. weighted lottery, old wage levels",-0.09265376956955215,0.0029986881961841746,0.04164607801018348,20662,-0.05665376956955215,0.0029986881961841746,0.07764607801018346,20662
31,"2a. weighted lottery, old wage levels",-0.09265403176801294,0.0029986897559320315,0.033907404479119004,18671,-0.05665403176801293,0.0029986897559320315,0.06990740447911897,18671
32,"2a. weighted lottery, old wage levels",-0.0926537830588555,0.002998694623312423,0.027282808469870995,16800,-0.05665378305885553,0.002998694623312423,0.06328280846987099,16800
33,"2a. weighted lottery, old wage levels",-0.09265435976783082,0.0029986919250414323,0.003871053071960463,15276,-0.05665435976783088,0.0029986919250414323,0.03987105307196046,15276
34,"2a. weighted lottery, old wage levels",-0.09265388027332211,0.0029986884208271533,-0.013529884060625778,13449,-0.0566538802733221,0.0029986884208271533,0.022470115939374216,13449
35,"2a. weighted lottery, old wage levels",-0.0926549481342191,0.0029986876080733494,-0.06782226695937392,11900,-0.05665494813421916,0.0029986876080733494,-0.031822266959373936,11900
36,"2a. weighted lottery, old wage levels",-0.09265415480154926,0.0029986872277650064,-0.09164097940895197,10013,-0.05665415480154928,0.0029986872277650064,-0.05564097940895199,10013
37,"2a. weighted lottery, old wage levels",-0.09265458787212852,0.0029986911495382407,-0.10518872340486626,9012,-0.0566545878721285,0.0029986911495382407,-0.06918872340486626,9012
38,"2a. weighted lottery, old wage levels",-0.09265443030003505,0.0029986900110609204,-0.11539436827010655,8132,-0.056654430300035,0.0029986900110609204,-0.07939436827010661,8132
39,"2a. weighted lottery, old wage levels",-0.09265440737251067,0.002998690775919434,-0.1352484902154368,7156,-0.0566544073725107,0.002998690775919434,-0.09924849021543684,7156
40,"2a. weighted lottery, old wage levels",-0.09265388280160897,0.002998689695460205,-0.15053734551777645,6588,-0.056653882801608955,0.002998689695460205,-0.11453734551777646,6588
41,"2a. weighted lottery, old wage levels",-0.0926560077175539,0.002998686432701087,-0.1622491436216282,5526,-0.056656007717553906,0.002998686432701087,-0.12624914362162828,5526
42,"2a. weighted lottery, old wage levels",-0.09265444110077684,0.002998688444990467,-0.13843056923883004,4570,-0.05665444110077685,0.002998688444990467,-0.10243056923883002,4570
43,"2a. weighted lottery, old wage levels",-0.09265391106238713,0.0029986871664152387,-0.15142736594039455,3827,-0.056653911062387166,0.0029986871664152387,-0.1154273659403945,3827
44,"2a. weighted lottery, old wage levels",-0.09265476214866536,0.002998696718351864,-0.14400863991785845,3153,-0.056654762148665404,0.002998696718351864,-0.10800863991785856,3153
45,"2a. weighted lottery, old wage levels",-0.09265404242217279,0.0029987016118783556,-0.15750784993967215,2567,-0.05665404242217275,0.0029987016118783556,-0.12150784993967215,2567
46,"2a. weighted lottery, old wage levels",-0.09265310294493169,0.002998693686285257,-0.1486214528722063,1958,-0.05665310294493171,0.002998693686285257,-0.1126214528722064,1958
47,"2a. weighted lottery, old wage levels",-0.09265252543840544,0.0029986716137801223,-0.12278011847905514,1600,-0.05665252543840545,0.0029986716137801223,-0.08678011847905508,1600
48,"2a. weighted lottery, old wage levels",-0.09265662973306057,0.002998693371622635,-0.13720339001647514,1257,-0.05665662973306052,0.002998693371622635,-0.10120339001647509,1257
49,"2a. weighted lottery, old wage levels",-0.09265701432439971,0.002998703084673728,-0.10949908381696395,960,-0.05665701432439974,0.002998703084673728,-0.07349908381696399,960
50,"2a. weighted lottery, old wage levels",-0.09265726957492194,0.0029986943882562224,-0.08585029526664863,789,-0.05665726957492193,0.0029986943882562224,-0.049850295266648616,789
21,"2b. weighted lottery, new wage levels",0.1044993722654157,0.0036762370965537014,0.2617104691635769,16,0.14049937226541565,0.0036762370965537014,0.29771046916357696,16
22,"2b. weighted lottery, new wage levels",0.10450253694094329,0.0036762217482897413,0.2468700297579337,142,0.1405025369409433,0.0036762217482897413,0.2828700297579337,142
23,"2b. weighted lottery, new wage levels",0.10450147370305757,0.003676176305586125,0.18950117657610566,1481,0.1405014737030576,0.003676176305586125,0.22550117657610566,1481
24,"2b. weighted lottery, new wage levels",0.10450335888042564,0.0036761824934322313,0.13310381628942794,3745,0.1405033588804256,0.0036761824934322313,0.16910381628942794,3745
25,"2b. weighted lottery, new wage levels",0.10450281535752107,0.003676205962057873,0.058080180973377776,8380,0.14050281535752113,0.003676205962057873,0.0940801809733778,8380
26,"2b. weighted lottery, new wage levels",0.10450242742690326,0.0036762069265947653,0.02359974932550722,14425,0.14050242742690328,0.0036762069265947653,0.059599749325507205,14425
27,"2b. weighted lottery, new wage levels",0.10450313602747703,0.00367619449226211,0.017323303048365418,17570,0.14050313602747702,0.00367619449226211,0.05332330304836539,17570
28,"2b. weighted lottery, new wage levels",0.10450250641239114,0.0036762064421809472,0.0119301662704946,18593,0.14050250641239115,0.0036762064421809472,0.0479301662704946,18593
29,"2b. weighted lottery, new wage levels",0.10450213819753976,0.003676193133444458,0.02234133833268133,18390,0.1405021381975397,0.003676193133444458,0.05834133833268134,18390
30,"2b. weighted lottery, new wage levels",0.10450317924729582,0.003676194297475355,0.01982253387144318,17482,0.14050317924729575,0.003676194297475355,0.055822533871443175,17482
31,"2b. weighted lottery, new wage levels",0.1045023107358207,0.0036762032742214523,0.023915596795540613,15849,0.14050231073582062,0.0036762032742214523,0.05991559679554057,15849
32,"2b. weighted lottery, new wage levels",0.10450305005007705,0.0036762018394078414,0.023898180575256184,14038,0.14050305005007707,0.0036762018394078414,0.05989818057525618,14038
33,"2b. weighted lottery, new wage levels",0.10450200414875026,0.0036762185125276655,0.011212780687286348,12680,0.1405020041487503,0.0036762185125276655,0.04721278068728634,12680
34,"2b. weighted lottery, new wage levels",0.10450349770330879,0.0036762013348034315,-0.0015191946952702459,10997,0.14050349770330878,0.0036762013348034315,0.03448080530472976,10997
35,"2b. weighted lottery, new wage levels",0.10450155492370047,0.0036762006792235404,-0.04782270791095797,9178,0.14050155492370045,0.0036762006792235404,-0.011822707910957945,9178
36,"2b. weighted lottery, new wage levels",0.1045020086254112,0.0036761895486908305,-0.06159317747370768,7359,0.1405020086254112,0.0036761895486908305,-0.02559317747370766,7359
37,"2b. weighted lottery, new wage levels",0.10450098818370505,0.003676194860688863,-0.06203413932540374,6525,0.14050098818370504,0.003676194860688863,-0.026034139325403754,6525
38,"2b. weighted lottery, new wage levels",0.10450226199088507,0.0036762078319654283,-0.07472760173666566,5729,0.1405022619908851,0.0036762078319654283,-0.03872760173666569,5729
39,"2b. weighted lottery, new wage levels",0.10450031743976436,0.00367620721990834,-0.06951913967799826,4630,0.14050031743976446,0.00367620721990834,-0.03351913967799825,4630
40,"2b. weighted lottery, new wage levels",0.10450209375523499,0.0036762043942696883,-0.09488016583619821,4269,0.14050209375523492,0.0036762043942696883,-0.058880165836198164,4269
41,"2b. weighted lottery, new wage levels",0.10450183699990753,0.0036761789284590284,-0.09157483126730051,3444,0.14050183699990756,0.0036761789284590284,-0.055574831267300506,3444
42,"2b. weighted lottery, new wage levels",0.10450103267128827,0.003676208660930056,-0.06319109334591874,2862,0.14050103267128825,0.003676208660930056,-0.02719109334591875,2862
43,"2b. weighted lottery, new wage levels",0.10450285153683178,0.003676203474221477,-0.06859799011389969,2403,0.1405028515368318,0.003676203474221477,-0.032597990113899696,2403
44,"2b. weighted lottery, new wage levels",0.10450102962044139,0.0036761948418313575,-0.08334656532456973,2082,0.14050102962044142,0.0036761948418313575,-0.04734656532456976,2082
45,"2b. weighted lottery, new wage levels",0.10450183436204313,0.0036762055939194033,-0.09744817874036926,1662,0.14050183436204322,0.0036762055939194033,-0.0614481787403693,1662
46,"2b. weighted lottery, new wage levels",0.10450640161998263,0.0036762204889810163,-0.1033090405799582,1406,0.14050640161998268,0.0036762204889810163,-0.06730904057995822,1406
47,"2b. weighted lottery, new wage levels",0.10450064754652631,0.003676213563014672,-0.03075615708046953,1169,0.14050064754652633,0.003676213563014672,0.005243842919530456,1169
48,"2b. weighted lottery, new wage levels",0.10449912420028812,0.003676222942852444,-0.0861668014292217,960,0.1404991242002882,0.003676222942852444,-0.05016680142922168,960
49,"2b. weighted lottery, new wage levels",0.10450214023398104,0.0036761685871618136,-0.037309040745171385,737,0.14050214023398103,0.0036761685871618136,-0.0013090407451713856,737
50,"2b. weighted lottery, new wage levels",0.10449931928865393,0.003676174193357236,-0.03810510281376317,645,0.14049931928865383,0.003676174193357236,-0.0021051028137631933,645
21,"3. EIG wage ranking, RPP and NPV adjusted",0.09880357307537253,0.004141659870280985,0.018304174914983963,54,0.13480357307537252,0.004141659870280985,0.054304174914983974,54
22,"3. EIG wage ranking, RPP and NPV adjusted",0.09880327542446789,0.004141514639430997,0.10456457831254866,813,0.1348032754244679,0.004141514639430997,0.14056457831254865,813
23,"3. EIG wage ranking, RPP and NPV adjusted",0.09880465618977202,0.004141500155301273,0.06622428138159608,6508,0.13480465618977208,0.004141500155301273,0.10222428138159607,6508
24,"3. EIG wage ranking, RPP and NPV adjusted",0.09880512710187303,0.0041414943262601004,0.028391126225475075,15545,0.134805127101873,0.0041414943262601004,0.06439112622547506,15545
25,"3. EIG wage ranking, RPP and NPV adjusted",0.09880511152328854,0.004141488248900929,-0.019024577548186664,24807,0.1348051115232886,0.004141488248900929,0.016975422451813334,24807
26,"3. EIG wage ranking, RPP and NPV adjusted",0.09880424449793813,0.0041414904722317835,-0.04161696038096771,36498,0.13480424449793818,0.0041414904722317835,-0.005616960380967725,36498
27,"3. EIG wage ranking, RPP and NPV adjusted",0.0988052146407304,0.004141482379286261,-0.03400835713757536,36225,0.13480521464073034,0.004141482379286261,0.0019916428624246257,36225
28,"3. EIG wage ranking, RPP and NPV adjusted",0.09880445777562114,0.004141483428258654,-0.04692789892162387,33988,0.13480445777562117,0.004141483428258654,-0.010927898921623855,33988
29,"3. EIG wage ranking, RPP and NPV adjusted",0.09880440173782186,0.004141481935786752,-0.010028617171103118,26857,0.13480440173782188,0.004141481935786752,0.025971382828896886,26857
30,"3. EIG wage ranking, RPP and NPV adjusted",0.09880444234067068,0.004141481866037438,0.011632907538224636,21470,0.1348044423406707,0.004141481866037438,0.04763290753822463,21470
31,"3. EIG wage ranking, RPP and NPV adjusted",0.09880562569161147,0.004141480805357861,0.033810834261899625,15204,0.13480562569161147,0.004141480805357861,0.06981083426189964,15204
32,"3. EIG wage ranking, RPP and NPV adjusted",0.09880366751753564,0.004141483936412483,0.06289205416969212,11978,0.1348036675175357,0.004141483936412483,0.09889205416969213,11978
33,"3. EIG wage ranking, RPP and NPV adjusted",0.0988054962405161,0.004141477612052847,0.07080025100307619,8692,0.13480549624051608,0.004141477612052847,0.10680025100307612,8692
34,"3. EIG wage ranking, RPP and NPV adjusted",0.09880452065571786,0.004141479550406464,0.07075425623341342,5740,0.13480452065571777,0.004141479550406464,0.10675425623341343,5740
35,"3. EIG wage ranking, RPP and NPV adjusted",0.09880396360523552,0.0041414736738784675,0.09263471580148229,3063,0.13480396360523558,0.0041414736738784675,0.12863471580148222,3063
36,"3. EIG wage ranking, RPP and NPV adjusted",0.09880249072362035,0.004141470409155317,0.08676478316553503,2013,0.13480249072362038,0.004141470409155317,0.12276478316553503,2013
37,"3. EIG wage ranking, RPP and NPV adjusted",0.09880642850683205,0.004141491983592485,0.09476392542588413,1447,0.13480642850683214,0.004141491983592485,0.13076392542588408,1447
38,"3. EIG wage ranking, RPP and NPV adjusted",0.09880393852211301,0.004141498254784728,0.1755072059978996,1187,0.1348039385221131,0.004141498254784728,0.21150720599789963,1187
39,"3. EIG wage ranking, RPP and NPV adjusted",0.09880649444273036,0.004141447543566366,0.1767873745975619,729,0.13480649444273032,0.004141447543566366,0.21278737459756197,729
40,"3. EIG wage ranking, RPP and NPV adjusted",0.09880651991001366,0.004141495688872023,0.22573582845658027,520,0.1348065199100137,0.004141495688872023,0.26173582845658017,520
41,"3. EIG wage ranking, RPP and NPV adjusted",0.09879802555120532,0.004141511568729328,0.20008355693020025,473,0.13479802555120535,0.004141511568729328,0.23608355693020028,473
42,"3. EIG wage ranking, RPP and NPV adjusted",0.09880219128239871,0.004141516091134289,0.2558808087515136,337,0.13480219128239862,0.004141516091134289,0.2918808087515138,337
43,"3. EIG wage ranking, RPP and NPV adjusted",0.09881023961553154,0.004141469314490823,0.36189675498223756,271,0.13481023961553154,0.004141469314490823,0.3978967549822375,271
44,"3. EIG wage ranking, RPP and NPV adjusted",0.0988097702197933,0.004141480806113138,0.36790858174113594,217,0.13480977021979323,0.004141480806113138,0.40390858174113575,217
45,"3. EIG wage ranking, RPP and NPV adjusted",0.0988084324369887,0.004141557700094032,0.32798340007617033,104,0.1348084324369888,0.004141557700094032,0.3639834000761704,104
46,"3. EIG wage ranking, RPP and NPV adjusted",0.09881584085019911,0.0041414992321415055,0.4450884628749456,68,0.13481584085019913,0.0041414992321415055,0.48108846287494583,68
47,"3. EIG wage ranking, RPP and NPV adjusted",0.09880281467176052,0.004141511083984202,0.5776235661743064,68,0.13480281467176053,0.004141511083984202,0.6136235661743065,68
48,"3. EIG wage ranking, RPP and NPV adjusted",0.09880513438114646,0.004141476885749759,0.3776345809855878,31,0.13480513438114644,0.004141476885749759,0.41363458098558775,31
49,"3. EIG wage ranking, RPP and NPV adjusted",0.09881686009710207,0.004141453707685792,0.7624543293504231,53,0.1348168600971021,0.004141453707685792,0.7984543293504235,53
50,"3. EIG wage ranking, RPP and NPV adjusted",0.0988051074093001,0.004141568942134054,0.6056209929845594,43,0.1348051074093001,0.004141568942134054,0.6416209929845599,43
