"LCA_OCC_CODE","SOC_TRUC_RAW","SOC_2018_CORRECT"
"11-1011","11-1011","11-1011"
"11-1011.00","11-1011","11-1011"
"11-1011.03","11-1011","11-1011"
"11-1021","11-1021","11-1021"
"11-1021.00","11-1021","11-1021"
"11-2011.00","11-2011","11-2011"
"11-2021","11-2021","11-2021"
"11-2021.00","11-2021","11-2021"
"11-2022","11-2022","11-2022"
"11-2022.00","11-2022","11-2022"
"11-2031.00","11-2031","11-2030"
"11-2032.00","11-2032","11-2030"
"11-2033.00","11-2033","11-2030"
"11-3011.00","11-3011","11-3010"
"11-3012.00","11-3012","11-3010"
"11-3013.00","11-3013","11-3010"
"11-3013.01","11-3013","11-3010"
"11-3021","11-3021","11-3021"
"11-3021.00","11-3021","11-3021"
"11-3031","11-3031","11-3031"
"11-3031.00","11-3031","11-3031"
"11-3031.01","11-3031","11-3031"
"11-3031.02","11-3031","11-3031"
"11-3031.03","11-3031","11-3031"
"11-3051","11-3051","11-3051"
"11-3051.00","11-3051","11-3051"
"11-3051.01","11-3051","11-3051"
"11-3051.04","11-3051","11-3051"
"11-3061","11-3061","11-3061"
"11-3061.00","11-3061","11-3061"
"11-3061.00.00","11-3061","11-3061"
"11-3071","11-3071","11-3071"
"11-3071.00","11-3071","11-3071"
"11-3071.01","11-3071","11-3071"
"11-3071.03","11-3071","11-3071"
"11-3071.04","11-3071","11-3071"
"11-3111.00","11-3111","11-3111"
"11-3121","11-3121","11-3121"
"11-3121.00","11-3121","11-3121"
"11-3131","11-3131","11-3131"
"11-3131.00","11-3131","11-3131"
"11-9013.00","11-9013","11-9013"
"11-9013.02","11-9013","11-9013"
"11-9013.03","11-9013","11-9013"
"11-9021","11-9021","11-9021"
"11-9021.00","11-9021","11-9021"
"11-9031.00","11-9031","11-9031"
"11-9032.00","11-9032","11-9032"
"11-9033","11-9033","11-9033"
"11-9033.00","11-9033","11-9033"
"11-9039.00","11-9039","11-9039"
"11-9039.01","11-9039","11-9039"
"11-9039.02","11-9039","11-9039"
"11-9041","11-9041","11-9041"
"11-9041.00","11-9041","11-9041"
"11-9041.01","11-9041","11-9041"
"11-9051.00","11-9051","11-9051"
"11-9072.00","11-9072","11-9072"
"11-9081","11-9081","11-9081"
"11-9081.00","11-9081","11-9081"
"11-9111.00","11-9111","11-9111"
"11-9121","11-9121","11-9121"
"11-9121.00","11-9121","11-9121"
"11-9121.01","11-9121","11-9121"
"11-9121.02","11-9121","11-9121"
"11-9141","11-9141","11-9141"
"11-9141.00","11-9141","11-9141"
"11-9151.00","11-9151","11-9151"
"11-9161.00","11-9161","11-9161"
"11-9179.01","11-9179","11-9179"
"11-9199","11-9199","11-9199"
"11-9199.00","11-9199","11-9199"
"11-9199.01","11-9199","11-9199"
"11-9199.02","11-9199","11-9199"
"11-9199.03","11-9199","11-9199"
"11-9199.04","11-9199","11-9199"
"11-9199.07","11-9199","11-9199"
"11-9199.09","11-9199","11-9199"
"11-9199.10","11-9199","11-9199"
"12-1229","15-1229","15-1221"
"12-1252","15-1252","15-1252"
"12-2051","15-2051","15-2051"
"13-1011.00","13-1011","13-1011"
"13-1021.00","13-1021","13-1020"
"13-1022","13-1022","13-1020"
"13-1022.00","13-1022","13-1020"
"13-1023","13-1023","13-1020"
"13-1023.00","13-1023","13-1020"
"13-1031.00","13-1031","13-1031"
"13-1031.02","13-1031","13-1031"
"13-1041","13-1041","13-1041"
"13-1041.00","13-1041","13-1041"
"13-1041.01","13-1041","13-1041"
"13-1041.03","13-1041","13-1041"
"13-1041.04","13-1041","13-1041"
"13-1041.07","13-1041","13-1041"
"13-1041.08","13-1041","13-1041"
"13-1051","13-1051","13-1051"
"13-1051.00","13-1051","13-1051"
"13-1071","13-1071","13-1071"
"13-1071.00","13-1071","13-1071"
"13-1075.00","13-1075","13-1075"
"13-1081","13-1081","13-1081"
"13-1081.00","13-1081","13-1081"
"13-1081.01","13-1081","13-1081"
"13-1081.02","13-1081","13-1081"
"13-1082","13-1082","13-1082"
"13-1082.00","13-1082","13-1082"
"13-1111","13-1111","13-1111"
"13-1111.00","13-1111","13-1111"
"13-1121","13-1121","13-1121"
"13-1121.00","13-1121","13-1121"
"13-1131.00","13-1131","13-1131"
"13-1141.00","13-1141","13-1141"
"13-1151","13-1151","13-1151"
"13-1151.00","13-1151","13-1151"
"13-1161","13-1161","13-1161"
"13-1161.00","13-1161","13-1161"
"13-1161.00.00","13-1161","13-1161"
"13-1161.01","13-1161","13-1161"
"13-1199","13-1199","13-1199"
"13-1199.00","13-1199","13-1199"
"13-1199.01","13-1199","13-1199"
"13-1199.02","13-1199","13-1199"
"13-1199.04","13-1199","13-1199"
"13-1199.05","13-1199","13-1199"
"13-1199.06","13-1199","13-1199"
"13-1199.07","13-1199","13-1199"
"13-2011","13-2011","13-2011"
"13-2011.00","13-2011","13-2011"
"13-2011.01","13-2011","13-2011"
"13-2011.02","13-2011","13-2011"
"13-2021.00","13-2021","13-2020"
"13-2021.02","13-2021","13-2020"
"13-2023.00","13-2023","13-2020"
"13-2031","13-2031","13-2031"
"13-2031.00","13-2031","13-2031"
"13-2041","13-2041","13-2041"
"13-2041.00","13-2041","13-2041"
"13-2051","13-2051","13-2051"
"13-2051.00","13-2051","13-2051"
"13-2051.00.00","13-2051","13-2051"
"13-2051.01","13-2051","13-2051"
"13-2052.00","13-2052","13-2052"
"13-2053.00","13-2053","13-2053"
"13-2054","13-2054","13-2054"
"13-2054.00","13-2054","13-2054"
"13-2061.00","13-2061","13-2061"
"13-2071.00","13-2071","13-2071"
"13-2071.01","13-2071","13-2071"
"13-2072.00","13-2072","13-2072"
"13-2081.00","13-2081","13-2081"
"13-2082.00","13-2082","13-2082"
"13-2099","13-2099","13-2099"
"13-2099.00","13-2099","13-2099"
"13-2099.01","13-2099","13-2099"
"13-2099.02","13-2099","13-2099"
"13-2099.03","13-2099","13-2099"
"13-2099.04","13-2099","13-2099"
"13-2099.1","13-2099","13-2099"
"15-1022.00","15-1022","15-1251"
"15-1034","15-1034","15-1252"
"15-1034.00","15-1034","15-1252"
"15-1035.00","15-1035","15-1252"
"15-1036.00","15-1036","15-1252"
"15-1037.00","15-1037","15-1252"
"15-1051.00","15-1051","13-1051"
"15-1052","15-1052","15-1211"
"15-1052.00","15-1052","15-1211"
"15-1053.00","15-1053","15-1211"
"15-1054.00","15-1054","15-1241"
"15-1055.00","15-1055","15-1241"
"15-1111","15-1111","15-1221"
"15-1111.00","15-1111","15-1221"
"15-1111.00.00","15-1111","15-1221"
"15-1121","15-1121","15-1211"
"15-1121.00","15-1121","15-1211"
"15-1121.01","15-1121","15-1211"
"15-1122","15-1122","15-1212"
"15-1122.00","15-1122","15-1212"
"15-1122.00.00","15-1122","15-1212"
"15-1124","15-1124","25-1124"
"15-1131","15-1131","15-1251"
"15-1131.00","15-1131","15-1251"
"15-1132","15-1132","15-1252"
"15-1132.00","15-1132","15-1252"
"15-1132.00.00","15-1132","15-1252"
"15-1133","15-1133","15-1252"
"15-1133.00","15-1133","15-1252"
"15-1133.00.00","15-1133","15-1252"
"15-1134.00","15-1134","15-1255"
"15-1141","15-1141","15-1242"
"15-1141.00","15-1141","15-1242"
"15-1142","15-1142","15-1244"
"15-1142.00","15-1142","15-1244"
"15-1143","15-1143","15-1241"
"15-1143.00","15-1143","15-1241"
"15-1143.00.00","15-1143","15-1241"
"15-1143.01","15-1143","15-1241"
"15-1151","15-1151","15-1232"
"15-1151.00","15-1151","15-1232"
"15-1152.00","15-1152","15-1231"
"15-1199","15-1199","15-1299"
"15-1199.00","15-1199","15-1299"
"15-1199.01","15-1199","15-1299"
"15-1199.02","15-1199","15-1299"
"15-1199.02.00","15-1199","15-1299"
"15-1199.03","15-1199","15-1299"
"15-1199.04","15-1199","15-1299"
"15-1199.05","15-1199","15-1299"
"15-1199.06","15-1199","15-1299"
"15-1199.07","15-1199","15-1299"
"15-1199.08","15-1199","15-1299"
"15-1199.08.00","15-1199","15-1299"
"15-1199.09","15-1199","15-1299"
"15-1199.10","15-1199","15-1299"
"15-1199.11","15-1199","15-1299"
"15-1199.12","15-1199","15-1299"
"15-1199.8","15-1199","15-1299"
"15-1211","15-1211","15-1211"
"15-1211.00","15-1211","15-1211"
"15-1211.01","15-1211","15-1211"
"15-1212","15-1212","15-1212"
"15-1212.00","15-1212","15-1212"
"15-1217","15-1217","15-1211"
"15-1217.00","15-1217","15-1211"
"15-1218","15-1218","15-1211"
"15-1218.00","15-1218","15-1211"
"15-1221","15-1221","15-1221"
"15-1221.00","15-1221","15-1221"
"15-1231","15-1231","15-1231"
"15-1231.00","15-1231","15-1231"
"15-1232.00","15-1232","15-1232"
"15-1241","15-1241","15-1241"
"15-1241.00","15-1241","15-1241"
"15-1241.01","15-1241","15-1241"
"15-1242","15-1242","15-1242"
"15-1242.00","15-1242","15-1242"
"15-1243","15-1243","15-1243"
"15-1243.00","15-1243","15-1243"
"15-1243.01","15-1243","15-1243"
"15-1244","15-1244","15-1244"
"15-1244.00","15-1244","15-1244"
"15-1247.00","15-1247","15-1241"
"15-1248.00","15-1248","15-1241"
"15-1251","15-1251","15-1251"
"15-1251.00","15-1251","15-1251"
"15-1252","15-1252","15-1252"
"15-1252.00","15-1252","15-1252"
"15-12520.00","15-1252","15-1252"
"15-1253","15-1253","15-1253"
"15-1253.00","15-1253","15-1253"
"15-1254","15-1254","15-1254"
"15-1254.00","15-1254","15-1254"
"15-1255","15-1255","15-1255"
"15-1255.00","15-1255","15-1255"
"15-1255.01","15-1255","15-1255"
"15-1263","15-1263","15-1253"
"15-1293.00","15-1293","15-1251"
"15-1294.00","15-1294","15-1251"
"15-1295","15-1295","15-1252"
"15-1295.00","15-1295","15-1252"
"15-1296","15-1296","15-1252"
"15-1296.00","15-1296","15-1252"
"15-1297.00","15-1297","15-1253"
"15-1298.00","15-1298","15-1253"
"15-1299","15-1299","15-1299"
"15-1299.00","15-1299","15-1299"
"15-1299.01","15-1299","15-1299"
"15-1299.02","15-1299","15-1299"
"15-1299.03","15-1299","15-1299"
"15-1299.04","15-1299","15-1299"
"15-1299.05","15-1299","15-1299"
"15-1299.06","15-1299","15-1299"
"15-1299.07","15-1299","15-1299"
"15-1299.08","15-1299","15-1299"
"15-1299.09","15-1299","15-1299"
"15-1299.99","15-1299","15-1299"
"15-2011","15-2011","15-2011"
"15-2011.00","15-2011","15-2011"
"15-2021","15-2021","15-2021"
"15-2021.00","15-2021","15-2021"
"15-2021.01","15-2021","15-2021"
"15-2031","15-2031","15-2031"
"15-2031.00","15-2031","15-2031"
"15-2041","15-2041","15-2041"
"15-2041.00","15-2041","15-2041"
"15-2041.00.00","15-2041","15-2041"
"15-2041.01","15-2041","15-2041"
"15-2041.02","15-2041","15-2041"
"15-2051","15-2051","15-2051"
"15-2051-01","15-2051","15-2051"
"15-2051.00","15-2051","15-2051"
"15-2051.01","15-2051","15-2051"
"15-2051.02","15-2051","15-2051"
"15-2052","15-2052","15-2052"
"15-2091.00","15-2091","15-2099"
"15-2099.00","15-2099","15-2099"
"15-2099.01","15-2099","15-2099"
"17-1011","17-1011","17-1011"
"17-1011.00","17-1011","17-1011"
"17-1012","17-1012","17-1012"
"17-1012.00","17-1012","17-1012"
"17-1021.00","17-1021","17-1021"
"17-1022.00","17-1022","17-1022"
"17-1022.01","17-1022","17-1022"
"17-1199.05","17-1199","17-2141"
"17-2011","17-2011","17-2011"
"17-2011.00","17-2011","17-2011"
"17-2021.00","17-2021","17-2021"
"17-2031","17-2031","17-2031"
"17-2031.00","17-2031","17-2031"
"17-2041","17-2041","17-2041"
"17-2041.00","17-2041","17-2041"
"17-2051","17-2051","17-2051"
"17-2051.00","17-2051","17-2051"
"17-2051.01","17-2051","17-2051"
"17-2051.02","17-2051","17-2051"
"17-2052.00","17-2052","17-2051"
"17-2053","17-2053","17-2051"
"17-2053.00","17-2053","17-2051"
"17-2061","17-2061","17-2061"
"17-2061.00","17-2061","17-2061"
"17-2061.00.00","17-2061","17-2061"
"17-2062.00","17-2062","17-2062"
"17-2063.00","17-2063","17-2061"
"17-2071","17-2071","17-2071"
"17-2071.00","17-2071","17-2071"
"17-2072","17-2072","17-2072"
"17-2072.00","17-2072","17-2072"
"17-2072.00.00","17-2072","17-2072"
"17-2072.01","17-2072","17-2072"
"17-2073.00","17-2073","17-2071"
"17-2074","17-2074","17-2071"
"17-2074.00","17-2074","17-2071"
"17-2075.00","17-2075","17-2071"
"17-2076","17-2076","17-2071"
"17-2076.00","17-2076","17-2071"
"17-2081","17-2081","17-2081"
"17-2081.00","17-2081","17-2081"
"17-2081.01","17-2081","17-2081"
"17-2111","17-2111","17-2111"
"17-2111.00","17-2111","17-2111"
"17-2111.01","17-2111","17-2111"
"17-2111.02","17-2111","17-2111"
"17-2111.03","17-2111","17-2111"
"17-2112","17-2112","17-2112"
"17-2112.00","17-2112","17-2112"
"17-2112.00.00","17-2112","17-2112"
"17-2112.01","17-2112","17-2112"
"17-2112.02","17-2112","17-2112"
"17-2112.03","17-2112","17-2112"
"17-2121","17-2121","17-2121"
"17-2121.00","17-2121","17-2121"
"17-2121.01","17-2121","17-2121"
"17-2121.02","17-2121","17-2121"
"17-2131","17-2131","17-2131"
"17-2131.00","17-2131","17-2131"
"17-2141","17-2141","17-2141"
"17-2141.00","17-2141","17-2141"
"17-2141.00.00","17-2141","17-2141"
"17-2141.01","17-2141","17-2141"
"17-2141.02","17-2141","17-2141"
"17-2143","17-2143","17-2141"
"17-2143.00","17-2143","17-2141"
"17-2144","17-2144","17-2141"
"17-2144.00","17-2144","17-2141"
"17-2151","17-2151","17-2151"
"17-2151.00","17-2151","17-2151"
"17-2161","17-2161","17-2161"
"17-2161.00","17-2161","17-2161"
"17-2171","17-2171","17-2171"
"17-2171.00","17-2171","17-2171"
"17-2171.01","17-2171","17-2171"
"17-2199","17-2199","17-2199"
"17-2199.00","17-2199","17-2199"
"17-2199.01","17-2199","17-2199"
"17-2199.02","17-2199","17-2199"
"17-2199.03","17-2199","17-2199"
"17-2199.04","17-2199","17-2199"
"17-2199.04.00","17-2199","17-2199"
"17-2199.05","17-2199","17-2199"
"17-2199.06","17-2199","17-2199"
"17-2199.07","17-2199","17-2199"
"17-2199.08","17-2199","17-2199"
"17-2199.08.00","17-2199","17-2199"
"17-2199.09","17-2199","17-2199"
"17-2199.10","17-2199","17-2199"
"17-2199.11","17-2199","17-2199"
"17-3011.00","17-3011","17-3011"
"17-3011.01","17-3011","17-3011"
"17-3011.02","17-3011","17-3011"
"17-3012.00","17-3012","17-3012"
"17-3012.01","17-3012","17-3012"
"17-3013.00","17-3013","17-3013"
"17-3019.00","17-3019","17-3019"
"17-3021.00","17-3021","17-3021"
"17-3022","17-3022","17-3022"
"17-3022.00","17-3022","17-3022"
"17-3023.00","17-3023","17-3023"
"17-3023.01","17-3023","17-3023"
"17-3023.03","17-3023","17-3023"
"17-3024.00","17-3024","17-3024"
"17-3024.01","17-3024","17-3024"
"17-3025.00","17-3025","17-3025"
"17-3026.00","17-3026","17-3026"
"17-3026.01","17-3026","17-3026"
"17-3027.00","17-3027","17-3027"
"17-3027.01","17-3027","17-3027"
"17-3028.00","17-3028","17-3028"
"17-3029.00","17-3029","17-3029"
"17-3029.02","17-3029","17-3029"
"17-3029.03","17-3029","17-3029"
"17-3029.04","17-3029","17-3029"
"17-3029.05","17-3029","17-3029"
"17-3029.06","17-3029","17-3029"
"17-3029.07","17-3029","17-3029"
"17-3029.11","17-3029","17-3029"
"17-3031.00","17-3031","17-3031"
"17-3031.02","17-3031","17-3031"
"19-1011","19-1011","19-1011"
"19-1011.00","19-1011","19-1011"
"19-1012","19-1012","19-1012"
"19-1012.00","19-1012","19-1012"
"19-1013","19-1013","19-1013"
"19-1013.00","19-1013","19-1013"
"19-1020.01","19-1020","19-1029"
"19-1021","19-1021","19-1021"
"19-1021.00","19-1021","19-1021"
"19-1022","19-1022","19-1022"
"19-1022.00","19-1022","19-1022"
"19-1023.00","19-1023","19-1023"
"19-1029","19-1029","19-1029"
"19-1029.00","19-1029","19-1029"
"19-1029.01","19-1029","19-1029"
"19-1029.02","19-1029","19-1029"
"19-1029.03","19-1029","19-1029"
"19-1029.04","19-1029","19-1029"
"19-1029.09","19-1029","19-1029"
"19-1031.00","19-1031","19-1031"
"19-1031.02","19-1031","19-1031"
"19-1032.00","19-1032","19-1032"
"19-1041","19-1041","19-1041"
"19-1041.00","19-1041","19-1041"
"19-1042","19-1042","19-1042"
"19-1042.00","19-1042","19-1042"
"19-1099.00","19-1099","19-1099"
"19-2011.00","19-2011","19-2011"
"19-2012","19-2012","19-2012"
"19-2012.00","19-2012","19-2012"
"19-2021","19-2021","19-2021"
"19-2021.00","19-2021","19-2021"
"19-2031","19-2031","19-2031"
"19-2031.00","19-2031","19-2031"
"19-2032","19-2032","19-2032"
"19-2032.00","19-2032","19-2032"
"19-2041","19-2041","19-2041"
"19-2041.00","19-2041","19-2041"
"19-2041.01","19-2041","19-2041"
"19-2041.02","19-2041","19-2041"
"19-2041.03","19-2041","19-2041"
"19-2042","19-2042","19-2042"
"19-2042.00","19-2042","19-2042"
"19-2043","19-2043","19-2043"
"19-2043.00","19-2043","19-2043"
"19-2099","19-2099","19-2099"
"19-2099.00","19-2099","19-2099"
"19-2099.01","19-2099","19-2099"
"19-3011.00","19-3011","19-3011"
"19-3011.01","19-3011","19-3011"
"19-3022","19-3022","19-3022"
"19-3022.00","19-3022","19-3022"
"19-3022.00.00","19-3022","19-3022"
"19-3031.00","19-3031","19-3030"
"19-3031.01","19-3031","19-3030"
"19-3031.02","19-3031","19-3030"
"19-3031.03","19-3031","19-3030"
"19-3032.00","19-3032","19-3030"
"19-3033.00","19-3033","19-3030"
"19-3034.00","19-3034","19-3030"
"19-3039.00","19-3039","19-3030"
"19-3039.01","19-3039","19-3030"
"19-3039.02","19-3039","19-3030"
"19-3039.03","19-3039","19-3030"
"19-3041.00","19-3041","19-3041"
"19-3051","19-3051","19-3051"
"19-3051.00","19-3051","19-3051"
"19-3091.00","19-3091","19-3091"
"19-3091.01","19-3091","19-3091"
"19-3092","19-3092","19-3092"
"19-3092.00","19-3092","19-3092"
"19-3093.00","19-3093","19-3093"
"19-3094.00","19-3094","19-3094"
"19-3099","19-3099","19-3099"
"19-3099.00","19-3099","19-3099"
"19-3099.01","19-3099","19-3099"
"19-4011.00","19-4011","19-4010"
"19-4011.02","19-4011","19-4010"
"19-4012","19-4012","19-4010"
"19-4012.00","19-4012","19-4010"
"19-4012.01","19-4012","19-4010"
"19-4013.00","19-4013","19-4010"
"19-4021","19-4021","19-4021"
"19-4021.00","19-4021","19-4021"
"19-4031.00","19-4031","19-4031"
"19-4041.00","19-4041","19-4040"
"19-4041.01","19-4041","19-4040"
"19-4042.00","19-4042","19-4040"
"19-4043.00","19-4043","19-4040"
"19-4051.00","19-4051","19-4051"
"19-4061","19-4061","19-4061"
"19-4061.00","19-4061","19-4061"
"19-4061.01","19-4061","19-4061"
"19-4091","19-4091","19-4042"
"19-4091.00","19-4091","19-4042"
"19-4092","19-4092","19-4092"
"19-4092.00","19-4092","19-4092"
"19-4099.00","19-4099","19-4099"
"19-4099.01","19-4099","19-4099"
"19-4099.02","19-4099","19-4099"
"19-4099.03","19-4099","19-4099"
"19-5011","19-5011","19-5011"
"19-5011.00","19-5011","19-5011"
"19-5012.00","19-5012","19-5012"
"19-9121.01","19-9121","19-9121"
"20-1011","21-1011","21-1018"
"21-1011.00","21-1011","21-1018"
"21-1012","21-1012","21-1012"
"21-1012.00","21-1012","21-1012"
"21-1013.00","21-1013","21-1013"
"21-1014","21-1014","21-1018"
"21-1014.00","21-1014","21-1018"
"21-1015.00","21-1015","21-1015"
"21-1019.00","21-1019","21-1019"
"21-1021.00","21-1021","21-1021"
"21-1022.00","21-1022","21-1022"
"21-1023.00","21-1023","21-1023"
"21-1029.00","21-1029","21-1029"
"21-1091.00","21-1091","21-1091"
"21-1093.00","21-1093","21-1093"
"21-1094.00","21-1094","21-1094"
"21-1099","21-1099","21-1099"
"21-1099.00","21-1099","21-1099"
"21-2011.00","21-2011","21-2011"
"21-2021","21-2021","21-2021"
"21-2021.00","21-2021","21-2021"
"21-2099.00","21-2099","21-2099"
"23-1011","23-1011","23-1011"
"23-1011.00","23-1011","23-1011"
"23-1012.00","23-1012","23-1012"
"23-1022.00","23-1022","23-1022"
"23-2011.00","23-2011","23-2011"
"23-2099.00","23-2099","23-2099"
"25-1011","25-1011","25-1011"
"25-1011.00","25-1011","25-1011"
"25-1021","25-1021","25-1021"
"25-1021.00","25-1021","25-1021"
"25-1022","25-1022","25-1022"
"25-1022.00","25-1022","25-1022"
"25-1031","25-1031","25-1031"
"25-1031.00","25-1031","25-1031"
"25-1032","25-1032","25-1032"
"25-1032.00","25-1032","25-1032"
"25-1041","25-1041","25-1041"
"25-1041.00","25-1041","25-1041"
"25-1042","25-1042","25-1042"
"25-1042.00","25-1042","25-1042"
"25-1043.00","25-1043","25-1043"
"25-1051","25-1051","25-1051"
"25-1051.00","25-1051","25-1051"
"25-1052","25-1052","25-1052"
"25-1052.00","25-1052","25-1052"
"25-1053.00","25-1053","25-1053"
"25-1054","25-1054","25-1054"
"25-1054.00","25-1054","25-1054"
"25-1061.00","25-1061","25-1061"
"25-1062","25-1062","25-1062"
"25-1062.00","25-1062","25-1062"
"25-1063","25-1063","25-1063"
"25-1063.00","25-1063","25-1063"
"25-1064","25-1064","25-1064"
"25-1064.00","25-1064","25-1064"
"25-1065","25-1065","25-1065"
"25-1065.00","25-1065","25-1065"
"25-1066.00","25-1066","25-1066"
"25-1067","25-1067","25-1067"
"25-1067.00","25-1067","25-1067"
"25-1069.00","25-1069","25-1069"
"25-1071","25-1071","25-1071"
"25-1071.00","25-1071","25-1071"
"25-1072","25-1072","25-1072"
"25-1072.00","25-1072","25-1072"
"25-1081","25-1081","25-1081"
"25-1081.00","25-1081","25-1081"
"25-1082.00","25-1082","25-1082"
"25-1111.00","25-1111","25-1111"
"25-1112.00","25-1112","25-1112"
"25-1113","25-1113","25-1113"
"25-1113.00","25-1113","25-1113"
"25-1121","25-1121","25-1121"
"25-1121.00","25-1121","25-1121"
"25-1122","25-1122","25-1122"
"25-1122.00","25-1122","25-1122"
"25-1123","25-1123","25-1123"
"25-1123.00","25-1123","25-1123"
"25-1124","25-1124","25-1124"
"25-1124.00","25-1124","25-1124"
"25-1125","25-1125","25-1125"
"25-1125.00","25-1125","25-1125"
"25-1126","25-1126","25-1126"
"25-1126.00","25-1126","25-1126"
"25-1192.00","25-1192","25-1192"
"25-1193","25-1193","25-1193"
"25-1193.00","25-1193","25-1193"
"25-1194","25-1194","25-1194"
"25-1194.00","25-1194","25-1194"
"25-1199","25-1199","25-1199"
"25-1199.00","25-1199","25-1199"
"25-2011.00","25-2011","25-2011"
"25-2012","25-2012","25-2012"
"25-2012.00","25-2012","25-2012"
"25-2021","25-2021","25-2021"
"25-2021.00","25-2021","25-2021"
"25-2022","25-2022","25-2022"
"25-2022.00","25-2022","25-2022"
"25-2023.00","25-2023","25-2023"
"25-2031","25-2031","25-2031"
"25-2031.00","25-2031","25-2031"
"25-2032","25-2032","25-2032"
"25-2032.00","25-2032","25-2032"
"25-2051.00","25-2051","25-2050"
"25-2052.00","25-2052","25-2050"
"25-2053.00","25-2053","25-2050"
"25-2054.00","25-2054","25-2050"
"25-2055.00","25-2055","25-2050"
"25-2056","25-2056","25-2050"
"25-2056.00","25-2056","25-2050"
"25-2057.00","25-2057","25-2050"
"25-2058.00","25-2058","25-2050"
"25-2059.00","25-2059","25-2050"
"25-2059.01","25-2059","25-2050"
"25-3011.00","25-3011","25-3011"
"25-3021.00","25-3021","25-3021"
"25-3031.00","25-3031","25-3031"
"25-3041.00","25-3041","25-3041"
"25-3099","25-3099","25-3099"
"25-3099.00","25-3099","25-3099"
"25-3099.02","25-3099","25-3099"
"25-4011.00","25-4011","25-4011"
"25-4012.00","25-4012","25-4012"
"25-4013","25-4013","25-4013"
"25-4013.00","25-4013","25-4013"
"25-4021.00","25-4021","25-4022"
"25-4022.00","25-4022","25-4022"
"25-9011.00","25-9011","25-4022"
"25-9021.00","25-9021","25-9021"
"25-9031","25-9031","25-9031"
"25-9031.00","25-9031","25-9031"
"25-9031.01","25-9031","25-9031"
"25-9043.00","25-9043","25-9043"
"25-9049.00","25-9049","25-9049"
"25-9099.00","25-9099","25-9099"
"2601198","26-0119","26-0119"
"2605581","26-0558","26-0558"
"2608503","26-0850","11-9041"
"2623113","26-2311","11-9081"
"2634069","26-3406","11-9111"
"2637722","26-3772","11-9121"
"2666211","26-6621","13-1081"
"27-1011","27-1011","27-1011"
"27-1011.00","27-1011","27-1011"
"27-1013.00","27-1013","27-1013"
"27-1014","27-1014","27-1014"
"27-1014.00","27-1014","27-1014"
"27-1019.00","27-1019","27-1019"
"27-1021","27-1021","27-1021"
"27-1021.00","27-1021","27-1021"
"27-1022","27-1022","27-1022"
"27-1022.00","27-1022","27-1022"
"27-1024","27-1024","27-1024"
"27-1024.00","27-1024","27-1024"
"27-1024.00.00","27-1024","27-1024"
"27-1025","27-1025","27-1025"
"27-1025.00","27-1025","27-1025"
"27-1027","27-1027","27-1027"
"27-1027.00","27-1027","27-1027"
"27-1029.00","27-1029","27-1029"
"27-2012","27-2012","27-2012"
"27-2012.00","27-2012","27-2012"
"27-2012.01","27-2012","27-2012"
"27-2012.02","27-2012","27-2012"
"27-2012.03","27-2012","27-2012"
"27-2012.05","27-2012","27-2012"
"27-2022","27-2022","27-2022"
"27-2022.00","27-2022","27-2022"
"27-2032.00","27-2032","27-2032"
"27-2041.00","27-2041","27-2041"
"27-2041.01","27-2041","27-2041"
"27-2042","27-2042","27-2042"
"27-2042.00","27-2042","27-2042"
"27-2099.00","27-2099","27-2099"
"27-3011.00","27-3011","27-3011"
"27-3021.00","27-3021","27-3023"
"27-3022.00","27-3022","27-3023"
"27-3023.00","27-3023","27-3023"
"27-3031","27-3031","27-3031"
"27-3031.00","27-3031","27-3031"
"27-3041","27-3041","27-3041"
"27-3041.00","27-3041","27-3041"
"27-3042.00","27-3042","27-3042"
"27-3042.00.00","27-3042","27-3042"
"27-3043","27-3043","27-3043"
"27-3043.00","27-3043","27-3043"
"27-3043.04","27-3043","27-3043"
"27-3043.05","27-3043","27-3043"
"27-3091","27-3091","27-3091"
"27-3091.00","27-3091","27-3091"
"27-3099.00","27-3099","27-3099"
"27-4012.00","27-4012","27-4012"
"27-4014.00","27-4014","27-4014"
"27-4021.00","27-4021","27-4021"
"27-4031.00","27-4031","27-4031"
"27-4032.00","27-4032","27-4032"
"29-1011.00","29-1011","29-1011"
"29-1021","29-1021","29-1021"
"29-1021.00","29-1021","29-1021"
"29-1022.00","29-1022","29-1022"
"29-1023.00","29-1023","29-1023"
"29-1024.00","29-1024","29-1024"
"29-1029","29-1029","29-1029"
"29-1029.00","29-1029","29-1029"
"29-1031","29-1031","29-1031"
"29-1031.00","29-1031","29-1031"
"29-1041","29-1041","29-1041"
"29-1041.00","29-1041","29-1041"
"29-1051","29-1051","29-1051"
"29-1051.00","29-1051","29-1051"
"29-1061","29-1061","29-1211"
"29-1061.00","29-1061","29-1211"
"29-1062","29-1062","29-1215"
"29-1062.00","29-1062","29-1215"
"29-1063","29-1063","29-1216"
"29-1063.00","29-1063","29-1216"
"29-1064.00","29-1064","29-1218"
"29-1065","29-1065","29-1221"
"29-1065.00","29-1065","29-1221"
"29-1066.00","29-1066","29-1223"
"29-1067","29-1067","29-1240"
"29-1067.00","29-1067","29-1240"
"29-1069","29-1069","29-1240"
"29-1069.00","29-1069","29-1240"
"29-1069.02","29-1069","29-1240"
"29-1069.03","29-1069","29-1240"
"29-1069.04","29-1069","29-1240"
"29-1069.06","29-1069","29-1240"
"29-1069.07","29-1069","29-1240"
"29-1069.08","29-1069","29-1240"
"29-1069.09","29-1069","29-1240"
"29-1069.10","29-1069","29-1240"
"29-1069.11","29-1069","29-1240"
"29-1069.12","29-1069","29-1240"
"29-1071","29-1071","29-1071"
"29-1071.00","29-1071","29-1071"
"29-1071.01","29-1071","29-1071"
"29-1081.00","29-1081","29-1081"
"29-1122.00","29-1122","29-1122"
"29-1123","29-1123","29-1123"
"29-1123.00","29-1123","29-1123"
"29-1124.00","29-1124","29-1124"
"29-1125","29-1125","29-1125"
"29-1125.00","29-1125","29-1125"
"29-1125.01","29-1125","29-1125"
"29-1125.02","29-1125","29-1125"
"29-1126.00","29-1126","29-1126"
"29-1127","29-1127","29-1127"
"29-1127.00","29-1127","29-1127"
"29-1128.00","29-1128","29-1128"
"29-1129.00","29-1129","29-1129"
"29-1129.01","29-1129","29-1129"
"29-1129.02","29-1129","29-1129"
"29-1131","29-1131","29-1131"
"29-1131.00","29-1131","29-1131"
"29-1141","29-1141","29-1141"
"29-1141.00","29-1141","29-1141"
"29-1141.01","29-1141","29-1141"
"29-1141.03","29-1141","29-1141"
"29-1141.04","29-1141","29-1141"
"29-1151.00","29-1151","29-1151"
"29-1171","29-1171","29-1171"
"29-1171.00","29-1171","29-1171"
"29-1181.00","29-1181","29-1181"
"29-1199.00","29-1199","29-1290"
"29-1199.01","29-1199","29-1290"
"29-1199.04","29-1199","29-1290"
"29-1211","29-1211","29-1211"
"29-1211.00","29-1211","29-1211"
"29-1212","29-1212","29-1212"
"29-1212.00","29-1212","29-1212"
"29-1213.00","29-1213","29-1213"
"29-1214","29-1214","29-1214"
"29-1214.00","29-1214","29-1214"
"29-1215","29-1215","29-1215"
"29-1215.00","29-1215","29-1215"
"29-1216","29-1216","29-1216"
"29-1216.00","29-1216","29-1216"
"29-1217","29-1217","29-1217"
"29-1217.00","29-1217","29-1217"
"29-1218.00","29-1218","29-1218"
"29-1221","29-1221","29-1221"
"29-1221.00","29-1221","29-1221"
"29-1222","29-1222","29-1222"
"29-1222.00","29-1222","29-1222"
"29-1223","29-1223","29-1223"
"29-1223.00","29-1223","29-1223"
"29-1224","29-1224","29-1224"
"29-1224.00","29-1224","29-1224"
"29-1229","29-1229","29-1229"
"29-1229.","29-1229","29-1229"
"29-1229.00","29-1229","29-1229"
"29-1229.01","29-1229","29-1229"
"29-1229.02","29-1229","29-1229"
"29-1229.03","29-1229","29-1229"
"29-1229.04","29-1229","29-1229"
"29-1229.05","29-1229","29-1229"
"29-1229.06","29-1229","29-1229"
"29-1241.00","29-1241","29-1240"
"29-1242","29-1242","29-1240"
"29-1242.00","29-1242","29-1240"
"29-1243.00","29-1243","29-1240"
"29-1249","29-1249","29-1240"
"29-1249.00","29-1249","29-1240"
"29-1291.00","29-1291","29-1290"
"29-1292.00","29-1292","29-1290"
"29-1299.00","29-1299","29-1290"
"29-1299.01","29-1299","29-1290"
"29-2011","29-2011","29-2010"
"29-2011.00","29-2011","29-2010"
"29-2011.01","29-2011","29-2010"
"29-2011.02","29-2011","29-2010"
"29-2011.04","29-2011","29-2010"
"29-2012.00","29-2012","29-2010"
"29-2031.00","29-2031","29-2031"
"29-2033.00","29-2033","29-2033"
"29-2034.00","29-2034","29-2034"
"29-2036.00","29-2036","29-2036"
"29-2052.00","29-2052","29-2052"
"29-2056.00","29-2056","29-2056"
"29-2057.00","29-2057","29-2057"
"29-2061.00","29-2061","29-2061"
"29-2072.00","29-2072","29-2072"
"29-2091","29-2091","29-2091"
"29-2091.00","29-2091","29-2091"
"29-2099.00","29-2099","29-2099"
"29-9011.00","29-9011","19-5011"
"29-9021.00","29-9021","29-9021"
"29-9091.00","29-9091","29-9091"
"29-9092.00","29-9092","29-9092"
"29-9099","29-9099","29-9099"
"29-9099.00","29-9099","29-9099"
"31-1121.00","31-1121","31-1120"
"31-1122.00","31-1122","31-1120"
"31-9091.00","31-9091","31-9091"
"31-9092.00","31-9092","31-9092"
"31-9099.00","31-9099","31-9099"
"33-3021.00","33-3021","33-3021"
"33-3021.06","33-3021","33-3021"
"33-9021.00","33-9021","33-9021"
"35-1011","35-1011","35-1011"
"35-1011.00","35-1011","35-1011"
"35-1012.00","35-1012","35-1012"
"35-2014.00","35-2014","35-2014"
"35-3023.00","35-3023","35-3023"
"37-1011.00","37-1011","37-1011"
"39-1014.00","39-1014","39-1014"
"39-3091.00","39-3091","39-3091"
"39-9031.00","39-9031","39-9031"
"39-9032.00","39-9032","39-9032"
"39-9041.00","39-9041","39-9041"
"39-9099.00","39-9099","39-9099"
"40-9031","40-9031","41-9031"
"40848","40-848","11-2011"
"409743","40-9743","11-3021"
"41-1012.00","41-1012","41-1012"
"41-3011.00","41-3011","41-3011"
"41-3021.00","41-3021","41-3021"
"41-3031.00","41-3031","41-3031"
"41-3031.01","41-3031","41-3031"
"41-3031.02","41-3031","41-3031"
"41-3031.03","41-3031","41-3031"
"41-3091.00","41-3091","41-3091"
"41-3099","41-3099","41-3091"
"41-3099.00","41-3099","41-3091"
"41-3099.01","41-3099","41-3091"
"41-4011","41-4011","41-4011"
"41-4011.00","41-4011","41-4011"
"41-4012","41-4012","41-4012"
"41-4012.00","41-4012","41-4012"
"41-9012.00","41-9012","41-9012"
"41-9021.00","41-9021","41-9021"
"41-9031","41-9031","41-9031"
"41-9031.00","41-9031","41-9031"
"41-9091.00","41-9091","41-9091"
"413395","41-3395","11-3031"
"420700","42-0700","11-3051"
"43-1011.00","43-1011","43-1011"
"43-3021.00","43-3021","43-3021"
"43-3031.00","43-3031","43-3031"
"43-3061.00","43-3061","43-3061"
"43-3099.00","43-3099","43-3099"
"43-4011.00","43-4011","43-4011"
"43-4031.00","43-4031","43-4031"
"43-4051.03","43-4051","43-4051"
"43-4111.00","43-4111","43-4111"
"43-4161.00","43-4161","43-4161"
"43-5061.00","43-5061","43-5061"
"43-6011.00","43-6011","43-6011"
"43-6013.00","43-6013","43-6013"
"43-6014.00","43-6014","43-6014"
"43-9041.00","43-9041","43-9041"
"43-9061.00","43-9061","43-9061"
"43-9111.00","43-9111","43-9111"
"43-9111.01","43-9111","43-9111"
"43-9199.00","43-9199","43-9199"
"44501","44-501","11-2021"
"446267","44-6267","11-3121"
"44866","44-866","11-2022"
"45-2011.00","45-2011","45-2011"
"47-2111.00","47-2111","47-2111"
"47-4011.00","47-4011","47-4011"
"47-4011.01","47-4011","47-4011"
"47-4041.00","47-4041","47-4041"
"47-4099.00","47-4099","47-4099"
"48153","48-153","11-2032"
"49-1011.00","49-1011","49-1011"
"49-2098.00","49-2098","49-2098"
"49-3011.00","49-3011","49-3011"
"49-3023.02","49-3023","49-3023"
"49-3031.00","49-3031","49-3031"
"49-9041.00","49-9041","49-9041"
"49-9062.00","49-9062","49-9062"
"49-9063.00","49-9063","49-9063"
"51-1011.00","51-1011","51-1011"
"51-2022.00","51-2022","51-2022"
"51-3023.00","51-3023","51-3023"
"51-6092.00","51-6092","51-6092"
"51-8011.00","51-8011","51-8011"
"51-9012.00","51-9012","51-9012"
"51-9061.00","51-9061","51-9061"
"51-9071.00","51-9071","51-9071"
"51-9081.00","51-9081","51-9081"
"53-2011","53-2011","53-2011"
"53-2011.00","53-2011","53-2011"
"53-2012","53-2012","53-2012"
"53-6041.00","53-6041","53-6041"
"53-6051.00","53-6051","53-6051"
"53-6051.01","53-6051","53-6051"
"53-6051.08","53-6051","53-6051"
